dataelement,period,orgunit,categoryoptioncombo,attributeoptioncombo,value,storedby,lastupdated,comment,followup,deleted
B.1 Year of establishment,2024,School Test,HllvX50cXC0,HllvX50cXC0,1979,EMIS_Test,2026-02-14T22:48:24.000+0000,,false,null
E.4 Number of rooms other than classrooms in the centre by type Office,2024,School Test,HllvX50cXC0,HllvX50cXC0,3,EMIS_Test,2026-02-12T10:20:58.000+0000,,false,null
E.4 Number of rooms other than classrooms in the centre by type Others,2024,School Test,HllvX50cXC0,HllvX50cXC0,0,EMIS_Test,2026-02-12T10:21:22.000+0000,,false,null
E.4 Number of rooms other than classrooms in the centre by type Others,2024,School Test,QE57XV2b0iH,HllvX50cXC0,0,EMIS_Test,2026-02-10T15:38:59.000+0000,,false,null
F.4 Number of useable toilets units by type_Water flush,2024,School Test,osZNFphtfDK,HllvX50cXC0,0,EMIS_Test,2026-02-12T10:23:42.000+0000,,false,null
F.4 Number of useable toilets units by type_Water flush,2024,School Test,BohJ9LvEXi3,HllvX50cXC0,0,EMIS_Test,2026-02-12T10:23:38.000+0000,,false,null
F.4 Number of useable toilets units by type_Water flush,2024,School Test,tpR3Cs8hyLd,HllvX50cXC0,0,EMIS_Test,2025-12-29T10:41:03.000+0000,,false,null
F.4 Number of useable toilets units by type_Water flush,2024,School Test,yWfBRVUkLKT,HllvX50cXC0,4,EMIS_Test,2026-02-11T16:17:24.000+0000,,false,null
F.4 Number of useable toilets units by type_Water flush,2024,School Test,HFMFHGV23CN,HllvX50cXC0,5,EMIS_Test,2026-02-11T16:17:19.000+0000,,false,null
F.4 Number of useable toilets units by type_Water flush,2024,School Test,fCvBlIOEDzW,HllvX50cXC0,0,EMIS_Test,2026-02-11T12:03:47.000+0000,,false,null
F.4 Number of useable toilets units by type_Water flush,2024,School Test,M8QuDXN7Grp,HllvX50cXC0,1,EMIS_Test,2026-02-12T16:49:46.000+0000,,false,null
F.4 Number of useable toilets units by type_Water flush,2024,School Test,Wj2firAbR27,HllvX50cXC0,1,EMIS_Test,2026-02-10T12:40:37.000+0000,,false,null
F.4 Number of useable toilets units by type_Water flush,2024,School Test,iJdWDce5fIp,HllvX50cXC0,1,EMIS_Test,2026-02-12T16:49:38.000+0000,,false,null
F.4 Number of useable toilets units by type_Water flush,2024,School Test,oBfgYox6Ai6,HllvX50cXC0,1,EMIS_Test,2026-02-10T12:40:37.000+0000,,false,null
F.4 Number of useable toilets units by type_Water flush,2024,School Test,SIa7xf19zxK,HllvX50cXC0,0,EMIS_Test,2026-02-12T09:37:35.000+0000,,false,null
F.2 Facilities available_Laboratories (How many useable/unseable laboratories does the have?),2024,School Test,EzufRF9ikJP,HllvX50cXC0,0,EMIS_Test,2026-02-12T10:22:32.000+0000,,false,null
F.2 Facilities available_Laboratories (How many useable/unseable laboratories does the have?),2024,School Test,BDXPvhUlGvb,HllvX50cXC0,4,EMIS_Test,2026-02-12T16:48:43.000+0000,,false,null
F.2 Facilities available_Laboratories (How many useable/unseable laboratories does the have?),2024,School Test,NdcXhvn1SU5,HllvX50cXC0,1,EMIS_Test,2026-02-11T16:19:27.000+0000,,false,null
Attestation by Supervisor (Name),2024,School Test,HllvX50cXC0,HllvX50cXC0,Mrs Rita Ijomoni,EMIS_Test,2026-02-10T06:23:53.000+0000,,false,null
B.2 Location,2024,School Test,HllvX50cXC0,HllvX50cXC0,2,EMIS_Test,2026-02-11T22:39:05.000+0000,,false,null
F.1 Source of safe drinking Water,2024,School Test,HllvX50cXC0,HllvX50cXC0,No source of safe water,EMIS_Test,2026-02-14T11:06:05.000+0000,,false,null
F.4 Number of useable toilets units by type_Bucket system,2024,School Test,hNJ4zCOEhsx,HllvX50cXC0,0,EMIS_Test,2026-02-09T19:59:56.000+0000,,false,null
E.4 Number of rooms other than classrooms in the centre by type Library,2024,School Test,HllvX50cXC0,HllvX50cXC0,1,EMIS_Test,2026-02-12T11:32:41.000+0000,,false,null
F.2 Facilities available_Computers (How many useable/unseable computer does the have?),2024,School Test,EzufRF9ikJP,HllvX50cXC0,0,EMIS_Test,2026-02-12T10:22:26.000+0000,,false,null
F.2 Facilities available_Computers (How many useable/unseable computer does the have?),2024,School Test,cfUxtKVWMs2,HllvX50cXC0,7,EMIS_Test,2026-02-11T16:18:44.000+0000,,false,null
F.2 Facilities available_Computers (How many useable/unseable computer does the have?),2024,School Test,NdcXhvn1SU5,HllvX50cXC0,34,EMIS_Test,2026-02-11T16:18:28.000+0000,,false,null
F.2 Facilities available_Library (How many useable/unseable libary does the have?),2024,School Test,EzufRF9ikJP,HllvX50cXC0,0,EMIS_Test,2026-02-12T10:22:39.000+0000,,false,null
F.2 Facilities available_Library (How many useable/unseable libary does the have?),2024,School Test,NdcXhvn1SU5,HllvX50cXC0,1,EMIS_Test,2026-02-11T16:19:55.000+0000,,false,null
F.2 Facilities available_Classrooms (How many useable/unseable classroom does the have?),2024,School Test,cfUxtKVWMs2,HllvX50cXC0,1,EMIS_Test,2026-02-11T16:19:48.000+0000,,false,null
F.2 Facilities available_Classrooms (How many useable/unseable classroom does the have?),2024,School Test,BDXPvhUlGvb,HllvX50cXC0,5,EMIS_Test,2026-02-14T11:06:31.000+0000,,false,null
F.2 Facilities available_Classrooms (How many useable/unseable classroom does the have?),2024,School Test,NdcXhvn1SU5,HllvX50cXC0,14,EMIS_Test,2026-02-11T16:19:35.000+0000,,false,null
F.2 Facilities available_Play Ground(s) (How many useable/unseable play ground does the have?),2024,School Test,EzufRF9ikJP,HllvX50cXC0,0,EMIS_Test,2026-02-12T10:22:41.000+0000,,false,null
F.2 Facilities available_Play Ground(s) (How many useable/unseable play ground does the have?),2024,School Test,NdcXhvn1SU5,HllvX50cXC0,1,EMIS_Test,2026-02-10T12:40:37.000+0000,,false,null
Attestation by Supervisor (Telephone),2024,School Test,HllvX50cXC0,HllvX50cXC0,08130996344,EMIS_Test,2026-02-12T09:59:53.000+0000,,false,null
F.6 Health facility,2024,School Test,HllvX50cXC0,HllvX50cXC0,No Health facilty,EMIS_Test,2026-02-12T10:24:08.000+0000,,false,null
Attestation by Supervisor (Date),2024,School Test,HllvX50cXC0,HllvX50cXC0,2025-02-12,EMIS_Test,2026-02-12T20:04:41.000+0000,,false,null
A.8 Email Address,2024,School Test,HllvX50cXC0,HllvX50cXC0,irrigrammarschool@gmail.com,EMIS_Test,2026-02-14T22:47:50.000+0000,,false,null
F.2 Facilities available_Toilets (How many useable/unseable Toilets does the have?),2024,School Test,BDXPvhUlGvb,HllvX50cXC0,1,EMIS_Test,2026-02-14T11:06:16.000+0000,,false,null
F.2 Facilities available_Toilets (How many useable/unseable Toilets does the have?),2024,School Test,NdcXhvn1SU5,HllvX50cXC0,9,EMIS_Test,2026-02-11T16:18:15.000+0000,,false,null
A.7 School Telephone,2024,School Test,HllvX50cXC0,HllvX50cXC0,0823291707,EMIS_Test,2026-03-17T04:29:33.000+0000,,false,null
F.1e Source of safe drinking water_Other,2024,School Test,HllvX50cXC0,HllvX50cXC0,No,EMIS_Test,2026-02-09T17:12:52.000+0000,,false,null
Attestation by Supervisor (Position),2024,School Test,HllvX50cXC0,HllvX50cXC0,EMIS DESK OFFICER.,EMIS_Test,2026-02-10T06:24:01.000+0000,,false,null
C.4 Completed P6 for previous year,2024,School Test,mJ0bMVCQB3V,HllvX50cXC0,10,EMIS_Test,2026-02-11T15:53:56.000+0000,,false,null
C.4 Completed P6 for previous year,2024,School Test,yl9sU3evA5p,HllvX50cXC0,20,EMIS_Test,2026-02-11T15:53:50.000+0000,,false,null
C.4 Completed P6 for previous year,2024,School Test,y3NHP2dQheZ,HllvX50cXC0,10,EMIS_Test,2026-02-11T15:54:05.000+0000,,false,null
C.4 Completed P6 for previous year,2024,School Test,aZ6Zgd8lAo4,HllvX50cXC0,10,EMIS_Test,2026-02-11T15:54:16.000+0000,,false,null
C.4 Completed P6 for previous year,2024,School Test,MMCgkH4y1ZB,HllvX50cXC0,10,EMIS_Test,2026-02-11T15:54:08.000+0000,,false,null
C.4 Completed P6 for previous year,2024,School Test,z6Xu3zA2prE,HllvX50cXC0,10,EMIS_Test,2026-02-11T15:54:22.000+0000,,false,null
C.4 Completed P6 for previous year,2024,School Test,Fs6kRoyMpse,HllvX50cXC0,15,EMIS_Test,2026-02-11T15:54:20.000+0000,,false,null
C.4 Completed P6 for previous year,2024,School Test,ICs2Bc5FuOs,HllvX50cXC0,10,EMIS_Test,2026-02-11T15:54:28.000+0000,,false,null
C.4 Completed P6 for previous year,2024,School Test,sIRnse62gRp,HllvX50cXC0,10,EMIS_Test,2026-02-11T15:54:25.000+0000,,false,null
C.4 Completed P6 for previous year,2024,School Test,w87tdegTUrW,HllvX50cXC0,10,EMIS_Test,2026-02-10T12:40:37.000+0000,,false,null
C.4 Completed P6 for previous year,2024,School Test,B1FawPZBdCd,HllvX50cXC0,10,EMIS_Test,2026-02-11T15:54:31.000+0000,,false,null
C.4 Completed P6 for previous year,2024,School Test,X4FkhTuOZE5,HllvX50cXC0,11,EMIS_Test,2026-02-11T11:54:55.000+0000,,false,null
C.4 Completed P6 for previous year,2024,School Test,FOL5X043hHo,HllvX50cXC0,3,EMIS_Test,2026-02-11T11:55:02.000+0000,,false,null
F.5 Sources of power,2024,School Test,HllvX50cXC0,HllvX50cXC0,No source of power,EMIS_Test,2026-02-14T11:07:02.000+0000,,false,null
F.2 Facilities available_Water Source(s) (How many useable/unseable water source does the have?),2024,School Test,NdcXhvn1SU5,HllvX50cXC0,2,EMIS_Test,2026-02-11T16:19:01.000+0000,,false,null
F.7 Fence/wall: Does the school have a fence or wall around it?,2024,School Test,HllvX50cXC0,HllvX50cXC0,4,EMIS_Test,2026-02-12T09:38:23.000+0000,,false,null
E.4 Number of rooms other than classrooms in the centre by type Store room,2024,School Test,HllvX50cXC0,HllvX50cXC0,3,EMIS_Test,2026-02-12T11:32:53.000+0000,,false,null
E.4 Number of rooms other than classrooms in the centre by type Laboratories,2024,School Test,HllvX50cXC0,HllvX50cXC0,4,EMIS_Test,2026-02-12T11:32:46.000+0000,,false,null
E.4 Number of rooms other than classrooms in the centre by type Laboratories,2024,School Test,QE57XV2b0iH,HllvX50cXC0,0,EMIS_Test,2026-02-12T19:54:32.000+0000,,false,null
F.4 Number of useable toilets units by type_Others,2024,School Test,fCvBlIOEDzW,HllvX50cXC0,0,EMIS_Test,2026-02-09T11:04:51.000+0000,,false,null
Attestation by Supervisor (Signature),2024,School Test,HllvX50cXC0,HllvX50cXC0,Rita.,EMIS_Test,2026-02-11T16:53:02.000+0000,,false,null
E.4 Number of rooms other than classrooms in the centre by type Staff rooms,2024,School Test,HllvX50cXC0,HllvX50cXC0,1,EMIS_Test,2026-02-12T11:32:18.000+0000,,false,null
F.2 Facilities available_Wash hand facility (How many useable/unseable wash hand does the have?),2024,School Test,EzufRF9ikJP,HllvX50cXC0,0,EMIS_Test,2026-02-12T10:22:43.000+0000,,false,null
F.2 Facilities available_Wash hand facility (How many useable/unseable wash hand does the have?),2024,School Test,BDXPvhUlGvb,HllvX50cXC0,0,EMIS_Test,2026-02-11T23:28:19.000+0000,,false,null
F.2 Facilities available_Wash hand facility (How many useable/unseable wash hand does the have?),2024,School Test,NdcXhvn1SU5,HllvX50cXC0,6,EMIS_Test,2026-02-11T16:20:10.000+0000,,false,null
F.4 Number of useable toilets units by type_Pit,2024,School Test,tpR3Cs8hyLd,HllvX50cXC0,0,EMIS_Test,2025-12-03T05:17:37.000+0000,,false,null
F.4 Number of useable toilets units by type_Pit,2024,School Test,qXoSgEcUTCX,HllvX50cXC0,0,EMIS_Test,2026-02-07T22:43:13.000+0000,,false,null
F.4 Number of useable toilets units by type_Pit,2024,School Test,hNJ4zCOEhsx,HllvX50cXC0,0,EMIS_Test,2026-02-09T20:00:07.000+0000,,false,null
F.4 Number of useable toilets units by type_Pit,2024,School Test,fCvBlIOEDzW,HllvX50cXC0,0,EMIS_Test,2026-02-12T16:49:31.000+0000,,false,null
F.4 Number of useable toilets units by type_Pit,2024,School Test,M8QuDXN7Grp,HllvX50cXC0,0,EMIS_Test,2026-02-07T22:43:19.000+0000,,false,null
F.4 Number of useable toilets units by type_Pit,2024,School Test,iJdWDce5fIp,HllvX50cXC0,0,EMIS_Test,2026-02-09T20:08:01.000+0000,,false,null
F.4 Number of useable toilets units by type_Pit,2024,School Test,SIa7xf19zxK,HllvX50cXC0,0,EMIS_Test,2026-02-12T10:23:24.000+0000,,false,null
I. Teachers Qualification (B.A (Ed)),2024,School Test,DYKSUuRKp4V,HllvX50cXC0,1,braviki,2026-02-11T16:39:07.000+0000,,false,null
I. Teachers Qualification (B.A (Ed)),2024,School Test,mDUF19hLmPd,HllvX50cXC0,4,braviki,2026-02-12T17:03:32.000+0000,,false,null
I. Teachers Qualification (B.A (Ed)),2024,School Test,Cj0eoUQbLfm,HllvX50cXC0,1,braviki,2026-02-11T16:39:01.000+0000,,false,null
I. Teachers Qualification (B.A (Ed)),2024,School Test,IbV2IFRp8qU,HllvX50cXC0,0,EMIS_Test,2026-02-12T09:50:37.000+0000,,false,null
I. Teachers Qualification (B.A (Ed)),2024,School Test,q4JPJQm76jQ,HllvX50cXC0,0,braviki,2026-02-11T16:38:39.000+0000,,false,null
I. Teachers Qualification (B.A (Ed)),2024,School Test,Z4DNeSohplg,HllvX50cXC0,0,braviki,2026-02-11T16:38:29.000+0000,,false,null
I. Teachers Qualification (B.A (Ed)),2024,School Test,HHHAwIEb9Ft,HllvX50cXC0,1,braviki,2026-02-11T16:38:55.000+0000,,false,null
I. Teachers Qualification (B.A (Ed)),2024,School Test,m3LOv1HNDLH,HllvX50cXC0,0,braviki,2026-02-11T16:38:52.000+0000,,false,null
I. Teachers Qualification (B.A (Ed)),2024,School Test,HN1tDQNkNoF,HllvX50cXC0,1,braviki,2026-02-11T16:39:22.000+0000,,false,null
I. Teachers Qualification (B.A (Ed)),2024,School Test,nk03IW4jLNX,HllvX50cXC0,1,braviki,2026-02-11T16:39:15.000+0000,,false,null
I. Teachers Qualification (B.A (Ed)),2024,School Test,UJjmPT4aQB6,HllvX50cXC0,2,EMIS_Test,2026-02-10T01:38:21.000+0000,,false,null
I. Teachers Qualification (B.A (Ed)),2024,School Test,DwXbR80zaj6,HllvX50cXC0,0,EMIS_Test,2026-02-09T17:39:52.000+0000,,false,null
I. Teachers Qualification (B.A (Ed)),2024,School Test,balAaXJ2LUD,HllvX50cXC0,0,EMIS_Test,2026-02-09T17:39:54.000+0000,,false,null
C.6 SNE Blind / visually impaired,2024,School Test,uVI65u027T4,HllvX50cXC0,0,EMIS_Test,2026-02-07T22:22:26.000+0000,,false,null
H2. Number of core subject Teachers’ Textbooks (Social Studies),2024,School Test,mUWjvWs517j,HllvX50cXC0,8,EMIS_Test,2026-02-12T10:46:39.000+0000,,false,null
H2. Number of core subject Teachers’ Textbooks (Social Studies),2024,School Test,TQ8ZlIEZQnV,HllvX50cXC0,2,EMIS_Test,2026-02-12T17:01:53.000+0000,,false,null
H2. Number of core subject Teachers’ Textbooks (Social Studies),2024,School Test,OHxthZqZ37N,HllvX50cXC0,9,EMIS_Test,2026-02-12T10:47:34.000+0000,,false,null
H2. Number of core subject Teachers’ Textbooks (Social Studies),2024,School Test,wyjCd5xo0sL,HllvX50cXC0,9,EMIS_Test,2026-02-10T14:39:33.000+0000,,false,null
H2. Number of core subject Teachers’ Textbooks (Social Studies),2024,School Test,i9JFmbgwM6s,HllvX50cXC0,1,EMIS_Test,2026-02-14T11:09:51.000+0000,,false,null
H2. Number of core subject Teachers’ Textbooks (Social Studies),2024,School Test,qzX9OyTO7ny,HllvX50cXC0,4,EMIS_Test,2026-02-11T12:08:50.000+0000,,false,null
H2. Number of core subject Teachers’ Textbooks (Social Studies),2024,School Test,B0A5FXZvLJg,HllvX50cXC0,2,EMIS_Test,2026-02-10T13:46:16.000+0000,,false,null
Attestation by SBMC Chairperson/member (Telephone),2024,School Test,HllvX50cXC0,HllvX50cXC0,08069592509,EMIS_Test,2026-02-14T11:15:08.000+0000,,false,null
Attestation by SBMC Chairperson/member (Name),2024,School Test,HllvX50cXC0,HllvX50cXC0,oghenero Merriment,EMIS_Test,2026-02-14T11:14:52.000+0000,,false,null
B.11 Boarding: How many pupils/Students board at the school premises?,2024,School Test,PYvBlCs4DQ8,HllvX50cXC0,0,EMIS_Test,2026-02-14T22:49:54.000+0000,,false,null
B.11 Boarding: How many pupils/Students board at the school premises?,2024,School Test,J4rmGvAZO06,HllvX50cXC0,0,EMIS_Test,2026-02-07T15:49:27.000+0000,,false,null
"PRY_I.4b If yes, indicate which of these topics were covered in the FLHE programme_Teaching on reproductive health/FLHE (e.g. teaching on human growth and development, family life, sexual abuse and transmission of STIs)",2024,School Test,HllvX50cXC0,HllvX50cXC0,0,EMIS_Test,2026-02-14T11:11:52.000+0000,,false,null
B.4 JSS-Type of school,2024,School Test,HllvX50cXC0,HllvX50cXC0,Regular,EMIS_Test,2026-01-21T11:58:30.695+0000,,false,null
F.11 Additional Classrooms information,2024,School Test,W2Ka3xV4xQP,HllvX50cXC0,21,EMIS_Test,2026-02-14T11:07:49.000+0000,,false,null
F.11 Additional Classrooms information,2024,School Test,dD5mFNAhpqu,HllvX50cXC0,0,EMIS_Test,2026-02-12T19:56:48.000+0000,,false,null
F.11 Additional Classrooms information,2024,School Test,kScI3o6YCZA,HllvX50cXC0,0,EMIS_Test,2025-11-12T09:19:37.000+0000,,false,null
F.11 Additional Classrooms information,2024,School Test,vIp6Li1SzQ5,HllvX50cXC0,0,EMIS_Test,2025-11-12T09:19:41.000+0000,,false,null
F.11 Additional Classrooms information,2024,School Test,ul07HdfNtpj,HllvX50cXC0,0,EMIS_Test,2025-11-12T09:19:42.000+0000,,false,null
F.11 Additional Classrooms information,2024,School Test,C2ERTzUhrlQ,HllvX50cXC0,3,EMIS_Test,2026-02-10T12:34:01.000+0000,,false,null
F.11 Additional Classrooms information,2024,School Test,cV6Dzm3pQzj,HllvX50cXC0,4,EMIS_Test,2026-02-10T12:34:05.000+0000,,false,null
F.11 Additional Classrooms information,2024,School Test,A5NbxBU8B1i,HllvX50cXC0,0,EMIS_Test,2025-11-12T09:20:46.000+0000,,false,null
F.11 Additional Classrooms information,2024,School Test,BUfYzcrzHfv,HllvX50cXC0,0,EMIS_Test,2025-11-12T09:20:52.000+0000,,false,null
F.11 Additional Classrooms information,2024,School Test,QOv007x6w19,HllvX50cXC0,0,EMIS_Test,2025-11-12T09:20:54.000+0000,,false,null
F.11 Additional Classrooms information,2024,School Test,ekp7m55HwGL,HllvX50cXC0,0,EMIS_Test,2025-12-29T09:38:48.000+0000,,false,null
F.11 Additional Classrooms information,2024,School Test,lzCjCj4Q6Y5,HllvX50cXC0,3,EMIS_Test,2026-02-10T12:34:13.000+0000,,false,null
F.11 Additional Classrooms information,2024,School Test,GS7Xttoan18,HllvX50cXC0,0,EMIS_Test,2025-12-29T09:38:48.000+0000,,false,null
F.11 Additional Classrooms information,2024,School Test,lwAiQLbzvz5,HllvX50cXC0,0,EMIS_Test,2025-11-12T09:21:47.000+0000,,false,null
F.11 Additional Classrooms information,2024,School Test,FAVFJEyGh4W,HllvX50cXC0,0,EMIS_Test,2025-11-12T09:21:50.000+0000,,false,null
F.11 Additional Classrooms information,2024,School Test,pPREHMRAmVW,HllvX50cXC0,0,EMIS_Test,2025-12-29T09:38:48.000+0000,,false,null
F.11 Additional Classrooms information,2024,School Test,q5OMgeHzKif,HllvX50cXC0,2,EMIS_Test,2026-02-10T12:34:27.000+0000,,false,null
F.11 Additional Classrooms information,2024,School Test,xQ8A2cqf53d,HllvX50cXC0,0,EMIS_Test,2025-12-03T05:23:55.000+0000,,false,null
F.11 Additional Classrooms information,2024,School Test,rUd8PSeApyL,HllvX50cXC0,0,EMIS_Test,2025-12-03T05:23:57.000+0000,,false,null
F.11 Additional Classrooms information,2024,School Test,hpkoAXX94IW,HllvX50cXC0,0,EMIS_Test,2025-12-03T05:23:59.000+0000,,false,null
F.11 Additional Classrooms information,2024,School Test,OJxjZGtFC8B,HllvX50cXC0,0,EMIS_Test,2025-12-29T09:38:48.000+0000,,false,null
F.11 Additional Classrooms information,2024,School Test,kbIAP9w0rWT,HllvX50cXC0,2,EMIS_Test,2026-02-10T12:34:36.000+0000,,false,null
F.11 Additional Classrooms information,2024,School Test,x4lHUjo88CK,HllvX50cXC0,0,EMIS_Test,2026-02-09T20:01:21.000+0000,,false,null
F.11 Additional Classrooms information,2024,School Test,ifJA8WjscZD,HllvX50cXC0,0,EMIS_Test,2025-12-03T05:24:29.000+0000,,false,null
F.11 Additional Classrooms information,2024,School Test,OuG7qYNNDy8,HllvX50cXC0,0,EMIS_Test,2025-12-03T05:24:33.000+0000,,false,null
F.11 Additional Classrooms information,2024,School Test,qEqY8W4AlXG,HllvX50cXC0,0,EMIS_Test,2025-12-29T09:38:48.000+0000,,false,null
F.11 Additional Classrooms information,2024,School Test,bPTfcwnlau3,HllvX50cXC0,4,EMIS_Test,2026-02-10T12:34:52.000+0000,,false,null
F.11 Additional Classrooms information,2024,School Test,FOkGugPXwVE,HllvX50cXC0,0,EMIS_Test,2025-12-03T05:24:46.000+0000,,false,null
F.11 Additional Classrooms information,2024,School Test,qJoYT3nafB1,HllvX50cXC0,0,EMIS_Test,2025-12-03T05:24:48.000+0000,,false,null
F.11 Additional Classrooms information,2024,School Test,a01voAR8ZN3,HllvX50cXC0,0,EMIS_Test,2025-12-03T05:24:52.000+0000,,false,null
F.11 Additional Classrooms information,2024,School Test,iNZo8OMMsva,HllvX50cXC0,0,EMIS_Test,2025-12-29T09:38:48.000+0000,,false,null
F.11 Additional Classrooms information,2024,School Test,iHxvio1VjxX,HllvX50cXC0,0,EMIS_Test,2025-12-03T05:25:13.000+0000,,false,null
F.11 Additional Classrooms information,2024,School Test,LHKmgRMm1zi,HllvX50cXC0,0,EMIS_Test,2026-02-09T17:25:25.000+0000,,false,null
F.11 Additional Classrooms information,2024,School Test,Pi1YewyT5y6,HllvX50cXC0,0,EMIS_Test,2025-12-03T05:25:17.000+0000,,false,null
F.11 Additional Classrooms information,2024,School Test,QAGsbd8qkyd,HllvX50cXC0,15,EMIS_Test,2026-02-07T22:50:59.000+0000,,false,null
F.11 Additional Classrooms information,2024,School Test,A3Q2BsmZtIX,HllvX50cXC0,0,EMIS_Test,2026-02-09T20:00:50.000+0000,,false,null
F.11 Additional Classrooms information,2024,School Test,LtSLrEDinWj,HllvX50cXC0,2,EMIS_Test,2026-02-10T12:33:54.000+0000,,false,null
F.11 Additional Classrooms information,2024,School Test,GasxRjkTf19,HllvX50cXC0,0,EMIS_Test,2025-11-12T09:20:08.000+0000,,false,null
F.11 Additional Classrooms information,2024,School Test,vusVvuiVJFj,HllvX50cXC0,0,EMIS_Test,2025-11-12T09:20:10.000+0000,,false,null
F.11 Additional Classrooms information,2024,School Test,V9QnQfAiJWr,HllvX50cXC0,0,EMIS_Test,2025-11-12T09:20:12.000+0000,,false,null
D.1 How many non-teaching staff are working at the school?,2024,School Test,PYvBlCs4DQ8,HllvX50cXC0,2,EMIS_Test,2026-02-12T11:31:08.000+0000,,false,null
D.1 How many non-teaching staff are working at the school?,2024,School Test,J4rmGvAZO06,HllvX50cXC0,5,EMIS_Test,2026-02-14T23:00:04.000+0000,,false,null
D.1 How many non-teaching staff are working at the school?,2024,School Test,uk8iRRfqijQ,HllvX50cXC0,2,EMIS_Test,2026-02-25T12:10:01.000+0000,,false,null
I. Teachers Qualification (B.Ed),2024,School Test,DYKSUuRKp4V,HllvX50cXC0,1,braviki,2026-02-11T16:36:40.000+0000,,false,null
I. Teachers Qualification (B.Ed),2024,School Test,Cj0eoUQbLfm,HllvX50cXC0,1,braviki,2026-02-11T16:36:33.000+0000,,false,null
I. Teachers Qualification (B.Ed),2024,School Test,IbV2IFRp8qU,HllvX50cXC0,2,EMIS_Test,2026-02-12T10:48:12.000+0000,,false,null
I. Teachers Qualification (B.Ed),2024,School Test,q4JPJQm76jQ,HllvX50cXC0,0,braviki,2026-02-11T16:35:22.000+0000,,false,null
I. Teachers Qualification (B.Ed),2024,School Test,Z4DNeSohplg,HllvX50cXC0,0,braviki,2026-02-11T16:35:17.000+0000,,false,null
I. Teachers Qualification (B.Ed),2024,School Test,HHHAwIEb9Ft,HllvX50cXC0,0,braviki,2026-02-11T16:36:21.000+0000,,false,null
I. Teachers Qualification (B.Ed),2024,School Test,m3LOv1HNDLH,HllvX50cXC0,1,braviki,2026-02-11T16:35:43.000+0000,,false,null
I. Teachers Qualification (B.Ed),2024,School Test,HN1tDQNkNoF,HllvX50cXC0,2,braviki,2024-12-26T09:02:41.986+0000,,false,null
I. Teachers Qualification (B.Ed),2024,School Test,nk03IW4jLNX,HllvX50cXC0,3,braviki,2026-02-10T12:40:37.000+0000,,false,null
I. Teachers Qualification (B.Ed),2024,School Test,UJjmPT4aQB6,HllvX50cXC0,2,EMIS_Test,2026-02-10T01:38:44.000+0000,,false,null
I. Teachers Qualification (B.Ed),2024,School Test,UME8DtClwLF,HllvX50cXC0,1,EMIS_Test,2026-02-10T01:38:11.000+0000,,false,null
I. Teachers Qualification (B.Ed),2024,School Test,YPq9jIrRCmh,HllvX50cXC0,0,EMIS_Test,2025-12-29T10:41:03.000+0000,,false,null
I. Teachers Qualification (B.Ed),2024,School Test,UGT3hIPtDVw,HllvX50cXC0,1,EMIS_Test,2026-02-12T19:59:29.000+0000,,false,null
I. Teachers Qualification (B.Ed),2024,School Test,DwXbR80zaj6,HllvX50cXC0,0,EMIS_Test,2026-02-09T17:39:30.000+0000,,false,null
C.6 SNE Albinism,2024,School Test,If5zWn2Fa6y,HllvX50cXC0,0,EMIS_Test,2026-02-11T15:56:49.000+0000,,false,null
I. Teachers Qualification (Grade II),2024,School Test,DYKSUuRKp4V,HllvX50cXC0,0,braviki,2026-02-11T16:38:23.000+0000,,false,null
I. Teachers Qualification (Grade II),2024,School Test,mDUF19hLmPd,HllvX50cXC0,0,braviki,2026-01-14T10:06:27.000+0000,,false,null
I. Teachers Qualification (Grade II),2024,School Test,Cj0eoUQbLfm,HllvX50cXC0,0,braviki,2026-02-11T16:38:20.000+0000,,false,null
I. Teachers Qualification (Grade II),2024,School Test,IbV2IFRp8qU,HllvX50cXC0,0,braviki,2026-01-14T10:06:27.000+0000,,false,null
I. Teachers Qualification (Grade II),2024,School Test,q4JPJQm76jQ,HllvX50cXC0,0,braviki,2026-02-11T16:38:13.000+0000,,false,null
I. Teachers Qualification (Grade II),2024,School Test,Z4DNeSohplg,HllvX50cXC0,0,braviki,2026-02-11T16:38:11.000+0000,,false,null
I. Teachers Qualification (Grade II),2024,School Test,HHHAwIEb9Ft,HllvX50cXC0,0,braviki,2026-02-11T16:38:18.000+0000,,false,null
I. Teachers Qualification (Grade II),2024,School Test,m3LOv1HNDLH,HllvX50cXC0,0,braviki,2026-02-11T16:38:16.000+0000,,false,null
I. Teachers Qualification (Grade II),2024,School Test,HN1tDQNkNoF,HllvX50cXC0,0,braviki,2026-02-11T16:38:28.000+0000,,false,null
I. Teachers Qualification (Grade II),2024,School Test,nk03IW4jLNX,HllvX50cXC0,0,braviki,2026-02-11T16:38:25.000+0000,,false,null
I. Teachers Qualification (Grade II),2024,School Test,YPq9jIrRCmh,HllvX50cXC0,0,EMIS_Test,2026-02-12T19:59:47.000+0000,,false,null
I. Teachers Qualification (Grade II),2024,School Test,UGT3hIPtDVw,HllvX50cXC0,0,EMIS_Test,2026-02-12T19:59:34.000+0000,,false,null
I. Teachers Qualification (Grade II),2024,School Test,DwXbR80zaj6,HllvX50cXC0,0,EMIS_Test,2026-02-12T20:00:27.000+0000,,false,null
I. Teachers Qualification (Grade II),2024,School Test,balAaXJ2LUD,HllvX50cXC0,0,EMIS_Test,2026-02-09T17:39:50.000+0000,,false,null
C.6 SNE Hearing / speech impaired,2024,School Test,rV6q4DVl5Q9,HllvX50cXC0,0,EMIS_Test,2026-02-14T22:58:52.000+0000,,false,null
C.6 SNE Hearing / speech impaired,2024,School Test,ub0g2OXspRz,HllvX50cXC0,0,EMIS_Test,2026-02-09T10:40:52.000+0000,,false,null
C.6 SNE Hearing / speech impaired,2024,School Test,uzBQK4LVVW0,HllvX50cXC0,0,EMIS_Test,2026-02-09T10:40:59.000+0000,,false,null
C.6 SNE Hearing / speech impaired,2024,School Test,G9GUm98VRAQ,HllvX50cXC0,0,EMIS_Test,2026-02-09T10:40:57.000+0000,,false,null
C.6 SNE Hearing / speech impaired,2024,School Test,S7xLT7V9ixI,HllvX50cXC0,0,EMIS_Test,2026-02-12T10:17:46.000+0000,,false,null
C.6 SNE Hearing / speech impaired,2024,School Test,ITaqmbNwaZ9,HllvX50cXC0,0,EMIS_Test,2026-02-09T10:41:01.000+0000,,false,null
C.6 SNE Hearing / speech impaired,2024,School Test,uVI65u027T4,HllvX50cXC0,0,EMIS_Test,2026-02-11T15:55:43.000+0000,,false,null
B.19 Security Guard: Does the school have a security guard?,2024,School Test,HllvX50cXC0,HllvX50cXC0,true,EMIS_Test,2026-02-10T00:17:31.000+0000,,false,null
D.2 How many teachers are working at the school regardless of whether they are currently present or on course or absent,2024,School Test,PYvBlCs4DQ8,HllvX50cXC0,21,EMIS_Test,2026-02-14T23:00:36.000+0000,,false,null
D.2 How many teachers are working at the school regardless of whether they are currently present or on course or absent,2024,School Test,J4rmGvAZO06,HllvX50cXC0,19,EMIS_Test,2026-02-14T23:00:29.000+0000,,false,null
D.2 How many teachers are working at the school regardless of whether they are currently present or on course or absent,2024,School Test,GF8jMjRjocB,HllvX50cXC0,1,EMIS_Test,2026-02-14T11:03:45.000+0000,,false,null
D.2 How many teachers are working at the school regardless of whether they are currently present or on course or absent,2024,School Test,uk8iRRfqijQ,HllvX50cXC0,4,EMIS_Test,2026-02-14T11:03:50.000+0000,,false,null
B.15b Number of inspection Visit in last academic Year,2024,School Test,HllvX50cXC0,HllvX50cXC0,4,EMIS_Test,2026-02-12T19:33:02.000+0000,,false,null
E.1 How many classrooms are there in the school?,2024,School Test,HllvX50cXC0,HllvX50cXC0,5,EMIS_Test,2026-02-14T11:05:08.000+0000,,false,null
"PRY_I.2 Has your school communicated information about the rules, regulations and guidelines to relevant stakeholders such as pupils, parents, teachers etc?",2024,School Test,HllvX50cXC0,HllvX50cXC0,0,EMIS_Test,2026-02-14T11:12:08.000+0000,,false,null
"B.14 Parent-Teacher Association (PTA)/ Parents' Forum(PF)/Mother's Association
Does the school have PTA / PF / MA, which met at least once last year?",2024,School Test,HllvX50cXC0,HllvX50cXC0,true,EMIS_Test,2026-02-10T00:16:57.000+0000,,false,null
Attestation by SBMC Chairperson/member (Position),2024,School Test,HllvX50cXC0,HllvX50cXC0,chairperson,EMIS_Test,2026-02-12T10:59:19.000+0000,,false,null
I. Teachers Qualification (NCE),2024,School Test,DYKSUuRKp4V,HllvX50cXC0,3,braviki,2026-02-10T12:40:37.000+0000,,false,null
I. Teachers Qualification (NCE),2024,School Test,mDUF19hLmPd,HllvX50cXC0,4,hisp.trutare,2026-02-12T17:03:02.000+0000,,false,null
I. Teachers Qualification (NCE),2024,School Test,Cj0eoUQbLfm,HllvX50cXC0,0,braviki,2026-02-11T16:34:19.000+0000,,false,null
I. Teachers Qualification (NCE),2024,School Test,q4JPJQm76jQ,HllvX50cXC0,0,braviki,2026-02-11T16:33:53.000+0000,,false,null
I. Teachers Qualification (NCE),2024,School Test,Z4DNeSohplg,HllvX50cXC0,1,braviki,2026-02-11T16:33:47.000+0000,,false,null
I. Teachers Qualification (NCE),2024,School Test,m3LOv1HNDLH,HllvX50cXC0,0,braviki,2026-02-11T16:33:57.000+0000,,false,null
I. Teachers Qualification (NCE),2024,School Test,HN1tDQNkNoF,HllvX50cXC0,0,braviki,2026-02-11T16:34:38.000+0000,,false,null
I. Teachers Qualification (NCE),2024,School Test,YPq9jIrRCmh,HllvX50cXC0,0,EMIS_Test,2026-02-12T19:59:22.000+0000,,false,null
I. Teachers Qualification (NCE),2024,School Test,UGT3hIPtDVw,HllvX50cXC0,3,EMIS_Test,2026-02-12T19:59:26.000+0000,,false,null
I. Teachers Qualification (NCE),2024,School Test,DwXbR80zaj6,HllvX50cXC0,0,EMIS_Test,2026-02-12T20:00:05.000+0000,,false,null
I. Teachers Qualification (NCE),2024,School Test,balAaXJ2LUD,HllvX50cXC0,4,EMIS_Test,2026-02-14T11:10:55.000+0000,,false,null
I. Teachers Qualification (PGDE),2024,School Test,DYKSUuRKp4V,HllvX50cXC0,0,braviki,2026-02-11T16:35:00.000+0000,,false,null
I. Teachers Qualification (PGDE),2024,School Test,mDUF19hLmPd,HllvX50cXC0,3,EMIS_Test,2026-02-12T17:03:14.000+0000,,false,null
I. Teachers Qualification (PGDE),2024,School Test,Cj0eoUQbLfm,HllvX50cXC0,0,braviki,2026-02-11T16:34:57.000+0000,,false,null
I. Teachers Qualification (PGDE),2024,School Test,IbV2IFRp8qU,HllvX50cXC0,1,EMIS_Test,2026-02-12T17:03:12.000+0000,,false,null
I. Teachers Qualification (PGDE),2024,School Test,q4JPJQm76jQ,HllvX50cXC0,0,braviki,2026-02-11T16:34:46.000+0000,,false,null
I. Teachers Qualification (PGDE),2024,School Test,Z4DNeSohplg,HllvX50cXC0,0,braviki,2026-02-11T16:34:43.000+0000,,false,null
I. Teachers Qualification (PGDE),2024,School Test,HHHAwIEb9Ft,HllvX50cXC0,0,braviki,2026-02-11T16:34:55.000+0000,,false,null
I. Teachers Qualification (PGDE),2024,School Test,m3LOv1HNDLH,HllvX50cXC0,0,braviki,2026-02-11T16:34:52.000+0000,,false,null
I. Teachers Qualification (PGDE),2024,School Test,YPq9jIrRCmh,HllvX50cXC0,0,EMIS_Test,2025-12-29T10:41:03.000+0000,,false,null
I. Teachers Qualification (PGDE),2024,School Test,DwXbR80zaj6,HllvX50cXC0,0,EMIS_Test,2026-02-09T17:39:23.000+0000,,false,null
I. Teachers Qualification (PGDE),2024,School Test,balAaXJ2LUD,HllvX50cXC0,0,EMIS_Test,2026-02-09T17:39:26.000+0000,,false,null
"PRY_I.4a If yes, indicate which of these topics were covered in the FLHE programme_Teaching on generic life skills (e.g. decision-making, communication, refusal skills)",2024,School Test,HllvX50cXC0,HllvX50cXC0,0,EMIS_Test,2026-02-14T11:11:47.000+0000,,false,null
B.16a Authority of Last Inspection: Which authority conducted the last inspection visit?,2024,School Test,HllvX50cXC0,HllvX50cXC0,LGEA,EMIS_Test,2026-02-07T15:52:56.000+0000,,false,null
I. Teachers Qualification (M.Ed),2024,School Test,DYKSUuRKp4V,HllvX50cXC0,0,braviki,2026-02-11T16:38:01.000+0000,,false,null
I. Teachers Qualification (M.Ed),2024,School Test,mDUF19hLmPd,HllvX50cXC0,0,braviki,2026-01-14T10:06:27.000+0000,,false,null
I. Teachers Qualification (M.Ed),2024,School Test,Cj0eoUQbLfm,HllvX50cXC0,0,braviki,2026-02-11T16:37:58.000+0000,,false,null
I. Teachers Qualification (M.Ed),2024,School Test,IbV2IFRp8qU,HllvX50cXC0,0,EMIS_Test,2026-02-12T09:50:33.000+0000,,false,null
I. Teachers Qualification (M.Ed),2024,School Test,q4JPJQm76jQ,HllvX50cXC0,0,braviki,2026-02-11T16:37:51.000+0000,,false,null
I. Teachers Qualification (M.Ed),2024,School Test,Z4DNeSohplg,HllvX50cXC0,0,braviki,2026-02-11T16:37:48.000+0000,,false,null
I. Teachers Qualification (M.Ed),2024,School Test,HHHAwIEb9Ft,HllvX50cXC0,0,braviki,2026-02-11T16:37:56.000+0000,,false,null
I. Teachers Qualification (M.Ed),2024,School Test,m3LOv1HNDLH,HllvX50cXC0,0,braviki,2026-02-11T16:37:54.000+0000,,false,null
I. Teachers Qualification (M.Ed),2024,School Test,HN1tDQNkNoF,HllvX50cXC0,0,braviki,2026-02-11T16:38:05.000+0000,,false,null
I. Teachers Qualification (M.Ed),2024,School Test,nk03IW4jLNX,HllvX50cXC0,0,braviki,2026-02-11T16:38:03.000+0000,,false,null
I. Teachers Qualification (M.Ed),2024,School Test,UGT3hIPtDVw,HllvX50cXC0,0,EMIS_Test,2026-02-12T19:59:32.000+0000,,false,null
I. Teachers Qualification (M.Ed),2024,School Test,DwXbR80zaj6,HllvX50cXC0,0,EMIS_Test,2026-02-09T17:39:43.000+0000,,false,null
I. Teachers Qualification (M.Ed),2024,School Test,balAaXJ2LUD,HllvX50cXC0,0,EMIS_Test,2026-02-12T20:00:10.000+0000,,false,null
B.20a Ownership Which of the following owns the school?,2024,School Test,HllvX50cXC0,HllvX50cXC0,State,EMIS_Test,2026-02-12T10:08:56.000+0000,,false,null
B.17 Conditional Cash Transfer: How many pupils benefitted from Conditional Cash Transfer?,2024,School Test,HllvX50cXC0,HllvX50cXC0,0,EMIS_Test,2026-02-12T11:17:09.000+0000,,false,null
Attestation by SBMC Chairperson/member (Signature),2024,School Test,HllvX50cXC0,HllvX50cXC0,oghenero,EMIS_Test,2026-02-14T11:15:15.000+0000,,false,null
H2. Number of core subject Teachers’ Textbooks (Mathematics),2024,School Test,mUWjvWs517j,HllvX50cXC0,3,EMIS_Test,2026-02-12T17:01:31.000+0000,,false,null
H2. Number of core subject Teachers’ Textbooks (Mathematics),2024,School Test,TQ8ZlIEZQnV,HllvX50cXC0,6,EMIS_Test,2026-02-12T17:01:49.000+0000,,false,null
H2. Number of core subject Teachers’ Textbooks (Mathematics),2024,School Test,OHxthZqZ37N,HllvX50cXC0,8,EMIS_Test,2026-02-12T17:02:11.000+0000,,false,null
H2. Number of core subject Teachers’ Textbooks (Mathematics),2024,School Test,wyjCd5xo0sL,HllvX50cXC0,8,EMIS_Test,2026-02-12T19:57:30.000+0000,,false,null
H2. Number of core subject Teachers’ Textbooks (Mathematics),2024,School Test,i9JFmbgwM6s,HllvX50cXC0,11,EMIS_Test,2026-02-12T19:57:10.000+0000,,false,null
H2. Number of core subject Teachers’ Textbooks (Mathematics),2024,School Test,qzX9OyTO7ny,HllvX50cXC0,5,EMIS_Test,2026-02-10T13:46:00.000+0000,,false,null
H2. Number of core subject Teachers’ Textbooks (Mathematics),2024,School Test,B0A5FXZvLJg,HllvX50cXC0,4,EMIS_Test,2026-02-11T12:08:54.000+0000,,false,null
H1. Number of students core subject textbooks (Social Studies),2024,School Test,kg0LdA6plWU,HllvX50cXC0,1,EMIS_Test,2026-02-10T13:43:39.000+0000,,false,null
H1. Number of students core subject textbooks (Social Studies),2024,School Test,Q6sm8yv72cY,HllvX50cXC0,3,EMIS_Test,2026-02-10T13:15:20.000+0000,,false,null
H1. Number of students core subject textbooks (Social Studies),2024,School Test,hHyuY77aBcn,HllvX50cXC0,1,EMIS_Test,2026-02-10T13:44:05.000+0000,,false,null
H1. Number of students core subject textbooks (Social Studies),2024,School Test,HdycFVmcgcq,HllvX50cXC0,1,EMIS_Test,2026-02-10T13:44:19.000+0000,,false,null
"B.9 School Distance from LGA
How many kilometres is the school away from LGA HQ?",2024,School Test,HllvX50cXC0,HllvX50cXC0,1,EMIS_Test,2026-02-14T22:49:00.000+0000,,false,null
B.7 Multi-grade teaching: Does any teacher teach more than one class at the same time?,2024,School Test,HllvX50cXC0,HllvX50cXC0,true,EMIS_Test,2026-02-14T22:48:50.000+0000,,false,null
B.18 School Grants: Has your school ever received grants in the last academic year?,2024,School Test,HllvX50cXC0,HllvX50cXC0,false,EMIS_Test,2026-01-21T12:05:38.666+0000,,false,null
I. Teachers Qualification (Other degree / graduate),2024,School Test,DYKSUuRKp4V,HllvX50cXC0,0,braviki,2026-02-11T16:41:36.000+0000,,false,null
I. Teachers Qualification (Other degree / graduate),2024,School Test,mDUF19hLmPd,HllvX50cXC0,0,braviki,2026-01-14T10:06:27.000+0000,,false,null
I. Teachers Qualification (Other degree / graduate),2024,School Test,Cj0eoUQbLfm,HllvX50cXC0,0,braviki,2026-02-11T16:41:34.000+0000,,false,null
I. Teachers Qualification (Other degree / graduate),2024,School Test,IbV2IFRp8qU,HllvX50cXC0,0,EMIS_Test,2026-02-12T09:51:00.000+0000,,false,null
I. Teachers Qualification (Other degree / graduate),2024,School Test,q4JPJQm76jQ,HllvX50cXC0,0,braviki,2026-02-11T16:41:12.000+0000,,false,null
I. Teachers Qualification (Other degree / graduate),2024,School Test,HHHAwIEb9Ft,HllvX50cXC0,0,braviki,2026-02-11T16:41:32.000+0000,,false,null
I. Teachers Qualification (Other degree / graduate),2024,School Test,m3LOv1HNDLH,HllvX50cXC0,0,braviki,2026-02-11T16:41:30.000+0000,,false,null
I. Teachers Qualification (Other degree / graduate),2024,School Test,HN1tDQNkNoF,HllvX50cXC0,0,braviki,2026-02-11T16:41:39.000+0000,,false,null
I. Teachers Qualification (Other degree / graduate),2024,School Test,nk03IW4jLNX,HllvX50cXC0,0,braviki,2026-02-11T16:41:38.000+0000,,false,null
I. Teachers Qualification (Other degree / graduate),2024,School Test,YPq9jIrRCmh,HllvX50cXC0,0,EMIS_Test,2026-02-09T19:08:09.000+0000,,false,null
C.6 SNE Mentally challenged,2024,School Test,S7xLT7V9ixI,HllvX50cXC0,0,EMIS_Test,2026-02-06T09:50:45.000+0000,,false,null
H1. Number of students core subject textbooks (Mathematics),2024,School Test,uEu1iUdfyk0,HllvX50cXC0,15,EMIS_Test,2026-02-12T17:00:04.000+0000,,false,null
H1. Number of students core subject textbooks (Mathematics),2024,School Test,AkkDp4v44TR,HllvX50cXC0,6,EMIS_Test,2026-02-12T17:00:47.000+0000,,false,null
H1. Number of students core subject textbooks (Mathematics),2024,School Test,Ch8pEAKsi87,HllvX50cXC0,11,EMIS_Test,2026-02-12T17:01:09.000+0000,,false,null
H1. Number of students core subject textbooks (Mathematics),2024,School Test,kg0LdA6plWU,HllvX50cXC0,1,EMIS_Test,2026-02-10T13:43:34.000+0000,,false,null
H1. Number of students core subject textbooks (Mathematics),2024,School Test,Q6sm8yv72cY,HllvX50cXC0,1,EMIS_Test,2026-02-10T13:43:59.000+0000,,false,null
H1. Number of students core subject textbooks (Mathematics),2024,School Test,hHyuY77aBcn,HllvX50cXC0,1,EMIS_Test,2026-02-10T13:44:08.000+0000,,false,null
H1. Number of students core subject textbooks (Mathematics),2024,School Test,HdycFVmcgcq,HllvX50cXC0,1,EMIS_Test,2026-02-10T13:44:17.000+0000,,false,null
B.5 Shifts Does the School operate shift system?,2024,School Test,HllvX50cXC0,HllvX50cXC0,false,EMIS_Test,2026-01-21T11:58:21.663+0000,,false,null
I. Teachers Qualification (SSCE/WASC),2024,School Test,DYKSUuRKp4V,HllvX50cXC0,0,braviki,2026-02-11T16:31:33.000+0000,,false,null
I. Teachers Qualification (SSCE/WASC),2024,School Test,mDUF19hLmPd,HllvX50cXC0,0,hisp.trutare,2026-01-14T10:06:27.000+0000,,false,null
I. Teachers Qualification (SSCE/WASC),2024,School Test,Cj0eoUQbLfm,HllvX50cXC0,0,braviki,2026-02-11T16:31:29.000+0000,,false,null
I. Teachers Qualification (SSCE/WASC),2024,School Test,IbV2IFRp8qU,HllvX50cXC0,0,hisp.trutare,2026-02-10T10:54:27.000+0000,,false,null
I. Teachers Qualification (SSCE/WASC),2024,School Test,q4JPJQm76jQ,HllvX50cXC0,3,braviki,2026-02-10T12:40:37.000+0000,,false,null
I. Teachers Qualification (SSCE/WASC),2024,School Test,HHHAwIEb9Ft,HllvX50cXC0,0,braviki,2026-02-11T16:31:25.000+0000,,false,null
I. Teachers Qualification (SSCE/WASC),2024,School Test,m3LOv1HNDLH,HllvX50cXC0,0,braviki,2026-02-11T16:31:18.000+0000,,false,null
I. Teachers Qualification (SSCE/WASC),2024,School Test,HN1tDQNkNoF,HllvX50cXC0,0,braviki,2026-02-11T16:31:39.000+0000,,false,null
I. Teachers Qualification (SSCE/WASC),2024,School Test,nk03IW4jLNX,HllvX50cXC0,0,braviki,2026-02-11T16:31:37.000+0000,,false,null
I. Teachers Qualification (SSCE/WASC),2024,School Test,YPq9jIrRCmh,HllvX50cXC0,0,EMIS_Test,2026-02-11T10:19:17.000+0000,,false,null
I. Teachers Qualification (SSCE/WASC),2024,School Test,UGT3hIPtDVw,HllvX50cXC0,2,EMIS_Test,2026-02-10T13:48:15.000+0000,,false,null
I. Teachers Qualification (SSCE/WASC),2024,School Test,balAaXJ2LUD,HllvX50cXC0,0,EMIS_Test,2026-02-12T20:00:34.000+0000,,false,null
B.6a Shared Facilities: Does the school share facilities/Teachers/premises with any other school?,2024,School Test,HllvX50cXC0,HllvX50cXC0,false,EMIS_Test,2026-02-09T12:30:52.053+0000,,false,null
I. Teachers Qualification (OND / Diploma),2024,School Test,mDUF19hLmPd,HllvX50cXC0,0,hisp.trutare,2026-02-10T10:55:44.000+0000,,false,null
I. Teachers Qualification (OND / Diploma),2024,School Test,IbV2IFRp8qU,HllvX50cXC0,0,EMIS_Test,2026-02-10T10:54:31.000+0000,,false,null
I. Teachers Qualification (OND / Diploma),2024,School Test,Z4DNeSohplg,HllvX50cXC0,0,braviki,2026-02-11T16:32:01.000+0000,,false,null
I. Teachers Qualification (OND / Diploma),2024,School Test,HN1tDQNkNoF,HllvX50cXC0,0,braviki,2026-02-11T16:33:36.000+0000,,false,null
I. Teachers Qualification (OND / Diploma),2024,School Test,nk03IW4jLNX,HllvX50cXC0,0,braviki,2026-02-11T16:33:33.000+0000,,false,null
I. Teachers Qualification (OND / Diploma),2024,School Test,YPq9jIrRCmh,HllvX50cXC0,0,EMIS_Test,2025-12-29T10:41:03.000+0000,,false,null
I. Teachers Qualification (OND / Diploma),2024,School Test,DwXbR80zaj6,HllvX50cXC0,0,EMIS_Test,2026-02-12T20:00:31.000+0000,,false,null
I. Teachers Qualification (OND / Diploma),2024,School Test,balAaXJ2LUD,HllvX50cXC0,1,EMIS_Test,2026-02-11T10:21:02.000+0000,,false,null
"B.12 School Development Plan (SDP),Did the school prepare SDP in the last school year?",2024,School Test,HllvX50cXC0,HllvX50cXC0,true,EMIS_Test,2026-02-12T19:32:23.000+0000,,false,null
H2. Number of core subject Teachers’ Textbooks (English),2024,School Test,mUWjvWs517j,HllvX50cXC0,2,EMIS_Test,2026-02-12T17:01:35.000+0000,,false,null
H2. Number of core subject Teachers’ Textbooks (English),2024,School Test,TQ8ZlIEZQnV,HllvX50cXC0,8,EMIS_Test,2026-02-12T10:46:45.000+0000,,false,null
H2. Number of core subject Teachers’ Textbooks (English),2024,School Test,OHxthZqZ37N,HllvX50cXC0,2,EMIS_Test,2026-02-12T17:02:05.000+0000,,false,null
H2. Number of core subject Teachers’ Textbooks (English),2024,School Test,wyjCd5xo0sL,HllvX50cXC0,6,EMIS_Test,2026-02-12T19:57:43.000+0000,,false,null
H2. Number of core subject Teachers’ Textbooks (English),2024,School Test,i9JFmbgwM6s,HllvX50cXC0,7,EMIS_Test,2026-02-11T12:08:42.000+0000,,false,null
H2. Number of core subject Teachers’ Textbooks (English),2024,School Test,qzX9OyTO7ny,HllvX50cXC0,2,EMIS_Test,2026-02-11T10:04:19.000+0000,,false,null
H2. Number of core subject Teachers’ Textbooks (English),2024,School Test,B0A5FXZvLJg,HllvX50cXC0,3,EMIS_Test,2026-02-07T22:59:09.000+0000,,false,null
H1. Number of students core subject textbooks (English),2024,School Test,uEu1iUdfyk0,HllvX50cXC0,10,EMIS_Test,2026-02-12T17:00:19.000+0000,,false,null
H1. Number of students core subject textbooks (English),2024,School Test,AkkDp4v44TR,HllvX50cXC0,8,EMIS_Test,2026-02-12T17:00:44.000+0000,,false,null
H1. Number of students core subject textbooks (English),2024,School Test,Ch8pEAKsi87,HllvX50cXC0,9,EMIS_Test,2026-02-12T17:01:04.000+0000,,false,null
H1. Number of students core subject textbooks (English),2024,School Test,bbt6ww3563u,HllvX50cXC0,1,EMIS_Test,2026-02-10T01:36:07.000+0000,,false,null
H1. Number of students core subject textbooks (English),2024,School Test,kg0LdA6plWU,HllvX50cXC0,1,EMIS_Test,2026-02-10T13:43:36.000+0000,,false,null
H1. Number of students core subject textbooks (English),2024,School Test,Q6sm8yv72cY,HllvX50cXC0,1,EMIS_Test,2026-02-10T13:43:57.000+0000,,false,null
H1. Number of students core subject textbooks (English),2024,School Test,hHyuY77aBcn,HllvX50cXC0,1,EMIS_Test,2026-02-10T13:44:11.000+0000,,false,null
H1. Number of students core subject textbooks (English),2024,School Test,HdycFVmcgcq,HllvX50cXC0,1,EMIS_Test,2026-02-10T13:44:15.000+0000,,false,null
E.2 Are any classes held outside (because classrooms are unusable or insufficient)?,2024,School Test,HllvX50cXC0,HllvX50cXC0,No,EMIS_Test,2026-02-10T13:11:39.000+0000,,false,null
Attestation by SBMC Chairperson/member (Date),2024,School Test,HllvX50cXC0,HllvX50cXC0,2025-02-12,EMIS_Test,2026-02-12T20:04:29.000+0000,,false,null
C.6 SNE Physically challenged (other than visual or hearing),2024,School Test,S7xLT7V9ixI,HllvX50cXC0,0,EMIS_Test,2026-02-06T09:50:45.000+0000,,false,null
C.6 SNE Physically challenged (other than visual or hearing),2024,School Test,sJJ2QtgpSvY,HllvX50cXC0,0,EMIS_Test,2026-02-12T19:51:11.000+0000,,false,null
C.6 SNE Physically challenged (other than visual or hearing),2024,School Test,erSa2OQRnpW,HllvX50cXC0,0,EMIS_Test,2026-02-12T19:51:18.000+0000,,false,null
PRY_I.3 Life Skills-based Family Life HIV/AIDS Education (FLHE),2024,School Test,HllvX50cXC0,HllvX50cXC0,0,EMIS_Test,2026-02-14T11:12:02.000+0000,,false,null
PRY_I.1a Physical safety in school,2024,School Test,HllvX50cXC0,HllvX50cXC0,1,EMIS_Test,2026-02-10T13:50:18.000+0000,,false,null
I. Teachers Qualification (B.Sc./HND),2024,School Test,mDUF19hLmPd,HllvX50cXC0,0,EMIS_Test,2026-02-12T09:51:45.000+0000,,false,null
I. Teachers Qualification (B.Sc./HND),2024,School Test,IbV2IFRp8qU,HllvX50cXC0,1,braviki,2026-02-12T09:51:07.000+0000,,false,null
I. Teachers Qualification (B.Sc./HND),2024,School Test,q4JPJQm76jQ,HllvX50cXC0,0,braviki,2026-02-11T16:39:29.000+0000,,false,null
I. Teachers Qualification (B.Sc./HND),2024,School Test,Z4DNeSohplg,HllvX50cXC0,0,braviki,2026-02-11T16:39:26.000+0000,,false,null
I. Teachers Qualification (B.Sc./HND),2024,School Test,HHHAwIEb9Ft,HllvX50cXC0,1,braviki,2026-02-11T16:39:39.000+0000,,false,null
I. Teachers Qualification (B.Sc./HND),2024,School Test,m3LOv1HNDLH,HllvX50cXC0,0,braviki,2026-02-11T16:39:31.000+0000,,false,null
I. Teachers Qualification (B.Sc./HND),2024,School Test,HN1tDQNkNoF,HllvX50cXC0,1,braviki,2026-02-10T12:40:37.000+0000,,false,null
I. Teachers Qualification (B.Sc./HND),2024,School Test,YPq9jIrRCmh,HllvX50cXC0,0,EMIS_Test,2026-02-09T19:08:15.000+0000,,false,null
I. Teachers Qualification (B.Sc./HND),2024,School Test,UGT3hIPtDVw,HllvX50cXC0,0,EMIS_Test,2026-02-12T19:59:37.000+0000,,false,null
I. Teachers Qualification (B.Sc./HND),2024,School Test,balAaXJ2LUD,HllvX50cXC0,0,EMIS_Test,2026-02-12T20:00:12.000+0000,,false,null
I. Teachers Qualification (B.Sc.(Ed)),2024,School Test,mDUF19hLmPd,HllvX50cXC0,5,EMIS_Test,2026-02-12T17:03:45.000+0000,,false,null
I. Teachers Qualification (B.Sc.(Ed)),2024,School Test,Cj0eoUQbLfm,HllvX50cXC0,0,braviki,2026-02-11T16:40:39.000+0000,,false,null
I. Teachers Qualification (B.Sc.(Ed)),2024,School Test,q4JPJQm76jQ,HllvX50cXC0,0,braviki,2026-02-11T16:40:22.000+0000,,false,null
I. Teachers Qualification (B.Sc.(Ed)),2024,School Test,Z4DNeSohplg,HllvX50cXC0,0,braviki,2026-02-11T16:40:20.000+0000,,false,null
I. Teachers Qualification (B.Sc.(Ed)),2024,School Test,m3LOv1HNDLH,HllvX50cXC0,2,braviki,2026-02-11T16:40:29.000+0000,,false,null
I. Teachers Qualification (B.Sc.(Ed)),2024,School Test,YPq9jIrRCmh,HllvX50cXC0,2,EMIS_Test,2026-02-12T19:59:43.000+0000,,false,null
I. Teachers Qualification (B.Sc.(Ed)),2024,School Test,UGT3hIPtDVw,HllvX50cXC0,0,EMIS_Test,2026-02-10T13:48:44.000+0000,,false,null
I. Teachers Qualification (B.Sc.(Ed)),2024,School Test,DwXbR80zaj6,HllvX50cXC0,0,EMIS_Test,2026-02-09T17:40:01.000+0000,,false,null
I. Teachers Qualification (B.Sc.(Ed)),2024,School Test,balAaXJ2LUD,HllvX50cXC0,0,EMIS_Test,2026-02-12T20:00:14.000+0000,,false,null
PRY_I.6b At what forums were the orientation programmes provided?_PTA,2024,School Test,HllvX50cXC0,HllvX50cXC0,true,EMIS_Test,2026-02-11T16:47:32.000+0000,,false,null
I. Teachers Qualification (HND),2024,School Test,mDUF19hLmPd,HllvX50cXC0,0,EMIS_Test,2026-02-12T09:52:28.000+0000,,false,null
I. Teachers Qualification (HND),2024,School Test,IbV2IFRp8qU,HllvX50cXC0,0,EMIS_Test,2026-02-12T09:50:45.000+0000,,false,null
I. Teachers Qualification (HND),2024,School Test,q4JPJQm76jQ,HllvX50cXC0,20,braviki,2026-02-11T16:40:50.000+0000,,false,null
I. Teachers Qualification (HND),2024,School Test,Z4DNeSohplg,HllvX50cXC0,0,braviki,2026-02-11T16:40:48.000+0000,,false,null
I. Teachers Qualification (HND),2024,School Test,HHHAwIEb9Ft,HllvX50cXC0,0,braviki,2026-02-11T16:40:56.000+0000,,false,null
I. Teachers Qualification (HND),2024,School Test,m3LOv1HNDLH,HllvX50cXC0,0,braviki,2026-02-11T16:40:52.000+0000,,false,null
I. Teachers Qualification (HND),2024,School Test,YPq9jIrRCmh,HllvX50cXC0,0,EMIS_Test,2026-02-09T19:08:12.000+0000,,false,null
I. Teachers Qualification (HND),2024,School Test,UGT3hIPtDVw,HllvX50cXC0,0,EMIS_Test,2026-02-09T19:09:15.000+0000,,false,null
I. Teachers Qualification (HND),2024,School Test,DwXbR80zaj6,HllvX50cXC0,1,EMIS_Test,2026-02-11T10:20:29.000+0000,,false,null
I. Teachers Qualification (HND),2024,School Test,balAaXJ2LUD,HllvX50cXC0,0,EMIS_Test,2026-02-12T20:00:16.000+0000,,false,null
"PRY_I.1b Stigma and discrimination towards staff or pupils/living with/affected by HIV, or based on sex, race or ethnicity, religion or any other grounds, sexual harassment and abuse.",2024,School Test,HllvX50cXC0,HllvX50cXC0,0,EMIS_Test,2026-02-11T12:13:18.000+0000,,false,null
PRY_I.1c Grievance/disciplinary procedures in case of breach of the regulations described in the rules and guidelines.,2024,School Test,HllvX50cXC0,HllvX50cXC0,1,EMIS_Test,2026-02-11T16:46:06.000+0000,,false,null
B.15a Date of Last Inspection Visit: When was the school last inspected?,2024,School Test,HllvX50cXC0,HllvX50cXC0,2024-10-23,EMIS_Test,2026-02-14T22:50:20.000+0000,,false,null
I. Teachers Qualification (Below SSCE),2024,School Test,DYKSUuRKp4V,HllvX50cXC0,0,braviki,2026-02-11T16:30:14.000+0000,,false,null
I. Teachers Qualification (Below SSCE),2024,School Test,mDUF19hLmPd,HllvX50cXC0,3,EMIS_Test,2026-02-12T17:02:46.000+0000,,false,null
I. Teachers Qualification (Below SSCE),2024,School Test,IbV2IFRp8qU,HllvX50cXC0,1,hisp.trutare,2026-02-12T17:02:43.000+0000,,false,null
I. Teachers Qualification (Below SSCE),2024,School Test,HN1tDQNkNoF,HllvX50cXC0,20,braviki,2026-02-11T16:30:18.000+0000,,false,null
I. Teachers Qualification (Below SSCE),2024,School Test,nk03IW4jLNX,HllvX50cXC0,20,braviki,2026-02-11T16:30:16.000+0000,,false,null
I. Teachers Qualification (Below SSCE),2024,School Test,YPq9jIrRCmh,HllvX50cXC0,0,EMIS_Test,2025-12-29T10:41:03.000+0000,,false,null
I. Teachers Qualification (Below SSCE),2024,School Test,UGT3hIPtDVw,HllvX50cXC0,0,EMIS_Test,2025-12-29T10:41:03.000+0000,,false,null
I. Teachers Qualification (Below SSCE),2024,School Test,balAaXJ2LUD,HllvX50cXC0,0,EMIS_Test,2026-02-12T20:00:36.000+0000,,false,null
"B.13 School Based Management Committee (SBMC), Does the school have SBMC, which met at least once last year?",2024,School Test,HllvX50cXC0,HllvX50cXC0,true,EMIS_Test,2026-02-12T10:07:53.000+0000,,false,null
B.3a JSS_Levels of education offered,2024,School Test,HllvX50cXC0,HllvX50cXC0,Junior Secondary only,EMIS_Test,2026-02-08T10:17:08.000+0000,,false,null
C.7 Orphan_Lost Both,2024,School Test,z5d1Grtyp6q,HllvX50cXC0,0,EMIS_Test,2026-02-11T16:00:18.000+0000,,false,null
C.7 Orphan_Lost Both,2024,School Test,FPKYmK8cHUG,HllvX50cXC0,0,EMIS_Test,2026-02-11T16:00:24.000+0000,,false,null
C.7 Orphan_Lost Both,2024,School Test,AHbMMCQaTou,HllvX50cXC0,0,EMIS_Test,2026-02-12T19:52:20.000+0000,,false,null
C.7 Orphan_Lost Both,2024,School Test,zctmlSXqqSf,HllvX50cXC0,0,EMIS_Test,2026-02-14T11:02:33.000+0000,,false,null
C.7 Orphan_Lost Both,2024,School Test,A5SoG8C4YS4,HllvX50cXC0,0,EMIS_Test,2026-02-12T19:52:03.000+0000,,false,null
C.7 Orphan_Lost Both,2024,School Test,iRK9qcOsqPo,HllvX50cXC0,0,EMIS_Test,2026-02-12T19:51:40.000+0000,,false,null
PRP_C.5 Primary Enrolment by age for the current school year (9 Years),2024,School Test,E4a2NBmGsGT,HllvX50cXC0,0,EMIS_Test,2026-02-12T19:47:54.000+0000,,false,null
PRP_C.5 Primary Enrolment by age for the current school year (9 Years),2024,School Test,Ul3n6Rs3nmN,HllvX50cXC0,0,EMIS_Test,2026-02-12T19:48:37.000+0000,,false,null
PRP_C.5 Primary Enrolment by age for the current school year (9 Years),2024,School Test,gB7JZExaZSe,HllvX50cXC0,0,EMIS_Test,2026-02-12T19:49:17.000+0000,,false,null
PRP_C.5 Primary Enrolment by age for the current school year (9 Years),2024,School Test,wpWPigQKzve,HllvX50cXC0,0,EMIS_Test,2026-02-12T19:49:59.000+0000,,false,null
PRP_C.5 Primary Enrolment by age for the current school year (9 Years),2024,School Test,kVfmCFFGGJ4,HllvX50cXC0,0,EMIS_Test,2026-02-10T12:28:54.000+0000,,false,null
PRP_C.3 Pre-primary enrolment (5 Years),2024,School Test,RC2IhV7hbBo,HllvX50cXC0,2,EMIS_Test,2026-02-11T15:45:36.000+0000,,false,null
PRP_C.3 Pre-primary enrolment (5 Years),2024,School Test,aCftWxUH4xK,HllvX50cXC0,2,EMIS_Test,2026-02-11T15:45:33.000+0000,,false,null
PRP_C.3 Pre-primary enrolment (5 Years),2024,School Test,N36C2yx2jKL,HllvX50cXC0,0,EMIS_Test,2026-02-12T19:35:07.000+0000,,false,null
PRP_C.3 Pre-primary enrolment (5 Years),2024,School Test,ND6R1ECWKes,HllvX50cXC0,0,EMIS_Test,2026-02-12T19:35:17.000+0000,,false,null
PRP_C.3 Pre-primary enrolment (5 Years),2024,School Test,FPfuzNpUspF,HllvX50cXC0,0,EMIS_Test,2026-02-12T19:35:39.000+0000,,false,null
PRP_C.3 Pre-primary enrolment (5 Years),2024,School Test,ouwhZRJlira,HllvX50cXC0,0,EMIS_Test,2026-02-12T19:35:58.000+0000,,false,null
PRP_C.3 Pre-primary enrolment (5 Years),2024,School Test,K3y4YS6MQJr,HllvX50cXC0,2,EMIS_Test,2026-02-14T10:55:58.000+0000,,false,null
PRP_C.3 Pre-primary enrolment (5 Years),2024,School Test,fDHsrZJRNVc,HllvX50cXC0,1,EMIS_Test,2026-02-14T10:56:08.000+0000,,false,null
B.4 Pre-pry-Type of school,2024,School Test,HllvX50cXC0,HllvX50cXC0,Regular,EMIS_Test,2026-01-20T12:03:03.563+0000,,false,null
C.5 Pupil flow Dropout,2024,School Test,x5jcvz4OVcU,HllvX50cXC0,0,EMIS_Test,2026-02-09T14:41:25.000+0000,,false,null
C.5 Pupil flow Dropout,2024,School Test,R0mFlxnjDP4,HllvX50cXC0,0,EMIS_Test,2026-02-09T14:41:28.000+0000,,false,null
C.5 Pupil flow Dropout,2024,School Test,Vqm0n6Y6G2Z,HllvX50cXC0,0,EMIS_Test,2026-02-09T14:41:38.000+0000,,false,null
C.5 Pupil flow Dropout,2024,School Test,F9TFoBL5g23,HllvX50cXC0,0,EMIS_Test,2026-02-09T14:41:45.000+0000,,false,null
PRP_C.4 New Entrants in Primary 1 (11 Years),2024,School Test,IjcupXf3ff8,HllvX50cXC0,0,EMIS_Test,2025-12-29T09:38:48.000+0000,,false,null
PRP_C.4 New Entrants in Primary 1 (11 Years),2024,School Test,RUfLxybudEz,HllvX50cXC0,0,EMIS_Test,2025-12-29T09:38:48.000+0000,,false,null
PRP_C.4 New Entrants in Primary 1 (11 Years),2024,School Test,XNgXSf2d7a8,HllvX50cXC0,0,EMIS_Test,2025-12-29T09:38:48.000+0000,,false,null
C.7 Orphan_Lost Father,2024,School Test,OAMWgQasao3,HllvX50cXC0,0,EMIS_Test,2026-02-10T12:40:37.000+0000,,false,null
C.7 Orphan_Lost Father,2024,School Test,MGDsY3zx46G,HllvX50cXC0,0,EMIS_Test,2025-12-29T09:38:48.000+0000,,false,null
C.7 Orphan_Lost Father,2024,School Test,ilYZdWjFrEt,HllvX50cXC0,0,EMIS_Test,2026-02-11T15:58:52.000+0000,,false,null
C.7 Orphan_Lost Father,2024,School Test,FPKYmK8cHUG,HllvX50cXC0,0,EMIS_Test,2026-02-14T11:02:26.000+0000,,false,null
C.7 Orphan_Lost Father,2024,School Test,jwqM56IsTj1,HllvX50cXC0,0,EMIS_Test,2026-02-14T11:01:58.000+0000,,false,null
C.7 Orphan_Lost Father,2024,School Test,AHbMMCQaTou,HllvX50cXC0,0,EMIS_Test,2025-12-29T09:38:48.000+0000,,false,null
C.7 Orphan_Lost Father,2024,School Test,Bvm9dEnNNzH,HllvX50cXC0,0,EMIS_Test,2026-02-12T19:52:11.000+0000,,false,null
C.7 Orphan_Lost Father,2024,School Test,FFc9RVWJlLU,HllvX50cXC0,0,EMIS_Test,2026-02-12T19:52:13.000+0000,,false,null
C.7 Orphan_Lost Father,2024,School Test,A5SoG8C4YS4,HllvX50cXC0,0,EMIS_Test,2026-02-12T19:52:00.000+0000,,false,null
C.7 Orphan_Lost Father,2024,School Test,FwcmTAVMunq,HllvX50cXC0,0,EMIS_Test,2026-02-12T19:52:07.000+0000,,false,null
C.7 Orphan_Lost Father,2024,School Test,CgeqO8FF3Or,HllvX50cXC0,0,EMIS_Test,2026-02-12T19:51:51.000+0000,,false,null
C.7 Orphan_Lost Father,2024,School Test,ks7A61gMfe4,HllvX50cXC0,0,EMIS_Test,2026-02-12T19:51:55.000+0000,,false,null
C.7 Orphan_Lost Father,2024,School Test,iRK9qcOsqPo,HllvX50cXC0,0,EMIS_Test,2025-12-29T09:38:48.000+0000,,false,null
C.7 Orphan_Lost Father,2024,School Test,hPvVBHWxdon,HllvX50cXC0,0,EMIS_Test,2026-02-12T19:51:30.000+0000,,false,null
C.7 Orphan_Lost Father,2024,School Test,kSo8tQUtdHo,HllvX50cXC0,0,EMIS_Test,2025-11-11T14:46:46.000+0000,,false,null
C.5 Pupil flow Transfer In,2024,School Test,R0mFlxnjDP4,HllvX50cXC0,0,EMIS_Test,2026-02-09T14:42:16.000+0000,,false,null
C.5 Pupil flow Transfer In,2024,School Test,fcmiCRwDVm4,HllvX50cXC0,0,EMIS_Test,2026-02-09T14:42:18.000+0000,,false,null
C.5 Pupil flow Transfer In,2024,School Test,Vqm0n6Y6G2Z,HllvX50cXC0,0,EMIS_Test,2026-02-09T14:42:26.000+0000,,false,null
C.5 Pupil flow Transfer In,2024,School Test,dkXPIu2cgM6,HllvX50cXC0,0,EMIS_Test,2026-02-09T14:42:29.000+0000,,false,null
C.5 Pupil flow Transfer In,2024,School Test,NPLFfFDCWHB,HllvX50cXC0,0,EMIS_Test,2026-02-09T17:34:42.000+0000,,false,null
C.5 Pupil flow Transfer In,2024,School Test,F9TFoBL5g23,HllvX50cXC0,0,EMIS_Test,2026-02-12T19:50:16.000+0000,,false,null
C.5 Pupil flow Transfer In,2024,School Test,QYtyLwZfXOe,HllvX50cXC0,0,EMIS_Test,2026-02-09T14:42:00.000+0000,,false,null
PRP_C.3 Pre-primary enrolment (Above 5 Years),2024,School Test,N36C2yx2jKL,HllvX50cXC0,0,EMIS_Test,2026-02-09T14:27:31.000+0000,,false,null
PRP_C.3 Pre-primary enrolment (Above 5 Years),2024,School Test,ND6R1ECWKes,HllvX50cXC0,0,EMIS_Test,2025-12-29T09:38:48.000+0000,,false,null
PRP_C.3 Pre-primary enrolment (Above 5 Years),2024,School Test,FPfuzNpUspF,HllvX50cXC0,0,EMIS_Test,2026-02-12T19:35:42.000+0000,,false,null
PRP_C.3 Pre-primary enrolment (Above 5 Years),2024,School Test,ouwhZRJlira,HllvX50cXC0,0,EMIS_Test,2025-12-29T09:38:48.000+0000,,false,null
PRP_C.3 Pre-primary enrolment (Above 5 Years),2024,School Test,SXMomFE6OI4,HllvX50cXC0,1,EMIS_Test,2026-02-11T11:42:12.000+0000,,false,null
PRP_C.3 Pre-primary enrolment (Above 5 Years),2024,School Test,K3y4YS6MQJr,HllvX50cXC0,1,EMIS_Test,2026-02-14T10:56:03.000+0000,,false,null
PRP_C.3 Pre-primary enrolment (Above 5 Years),2024,School Test,fDHsrZJRNVc,HllvX50cXC0,2,EMIS_Test,2026-02-14T10:56:10.000+0000,,false,null
B.11 PVT Type of school,2024,School Test,HllvX50cXC0,HllvX50cXC0,Regular School,EMIS_Test,2026-02-08T13:19:00.000+0000,,false,null
C.5 Pupil flow Transfer Out,2024,School Test,R0mFlxnjDP4,HllvX50cXC0,0,EMIS_Test,2026-02-09T17:34:21.000+0000,,false,null
C.5 Pupil flow Transfer Out,2024,School Test,Vqm0n6Y6G2Z,HllvX50cXC0,0,EMIS_Test,2026-02-11T09:56:40.000+0000,,false,null
C.5 Pupil flow Transfer Out,2024,School Test,dkXPIu2cgM6,HllvX50cXC0,0,EMIS_Test,2026-02-09T17:34:37.000+0000,,false,null
C.5 Pupil flow Transfer Out,2024,School Test,NPLFfFDCWHB,HllvX50cXC0,0,EMIS_Test,2026-02-09T14:43:14.000+0000,,false,null
C.5 Pupil flow Transfer Out,2024,School Test,F9TFoBL5g23,HllvX50cXC0,0,EMIS_Test,2026-02-09T14:43:16.000+0000,,false,null
F.10 Learning Materials_Toys,2024,School Test,HllvX50cXC0,HllvX50cXC0,true,EMIS_Test,2026-02-11T12:06:20.000+0000,,false,null
PRP_C.4 New Entrants in Primary 1 (Below 6 Years),2024,School Test,sl0kcsExgVz,HllvX50cXC0,0,EMIS_Test,2026-02-11T15:46:23.000+0000,,false,null
Attestation by Head Teacher (Date),2024,School Test,HllvX50cXC0,HllvX50cXC0,2025-02-12,EMIS_Test,2026-02-12T20:03:08.000+0000,,false,null
PRP_C.4 New Entrants in Primary 1 (6 Years),2024,School Test,srikLSoC1My,HllvX50cXC0,6,EMIS_Test,2026-02-11T15:46:59.000+0000,,false,null
PRP_C.4 New Entrants in Primary 1 (6 Years),2024,School Test,sl0kcsExgVz,HllvX50cXC0,9,EMIS_Test,2026-02-11T15:46:55.000+0000,,false,null
PRP_C.4 New Entrants in Primary 1 (6 Years),2024,School Test,R8OEVYHDr8h,HllvX50cXC0,6,EMIS_Test,2026-02-11T15:46:44.000+0000,,false,null
PRP_C.4 New Entrants in Primary 1 (6 Years),2024,School Test,GnigcF1Aq0C,HllvX50cXC0,9,EMIS_Test,2026-02-11T15:46:41.000+0000,,false,null
C.7 Orphan_Lost Mother,2024,School Test,OAMWgQasao3,HllvX50cXC0,0,EMIS_Test,2025-12-29T09:38:48.000+0000,,false,null
C.7 Orphan_Lost Mother,2024,School Test,z5d1Grtyp6q,HllvX50cXC0,1,EMIS_Test,2026-02-11T15:58:09.000+0000,,false,null
C.7 Orphan_Lost Mother,2024,School Test,ilYZdWjFrEt,HllvX50cXC0,0,EMIS_Test,2026-02-10T12:40:37.000+0000,,false,null
C.7 Orphan_Lost Mother,2024,School Test,A5SoG8C4YS4,HllvX50cXC0,0,EMIS_Test,2025-11-11T14:45:06.000+0000,,false,null
C.7 Orphan_Lost Mother,2024,School Test,CgeqO8FF3Or,HllvX50cXC0,0,EMIS_Test,2026-02-12T19:51:53.000+0000,,false,null
C.7 Orphan_Lost Mother,2024,School Test,ks7A61gMfe4,HllvX50cXC0,0,EMIS_Test,2026-02-12T19:51:57.000+0000,,false,null
C.7 Orphan_Lost Mother,2024,School Test,hPvVBHWxdon,HllvX50cXC0,0,EMIS_Test,2025-12-29T09:38:48.000+0000,,false,null
C.7 Orphan_Lost Mother,2024,School Test,zljdhcpEXQF,HllvX50cXC0,0,EMIS_Test,2025-11-11T14:45:56.000+0000,,false,null
Attestation by Head Teacher (Name),2024,School Test,HllvX50cXC0,HllvX50cXC0,Oghenero Merriment,EMIS_Test,2026-02-14T11:14:02.000+0000,,false,null
PRP_C.4 New Entrants in Primary 1 (Above 11 Years),2024,School Test,BTz9V4LwBUG,HllvX50cXC0,0,EMIS_Test,2026-02-12T19:40:37.000+0000,,false,null
PRP_C.4 New Entrants in Primary 1 (Above 11 Years),2024,School Test,IjcupXf3ff8,HllvX50cXC0,0,EMIS_Test,2025-12-29T09:38:48.000+0000,,false,null
PRP_C.4 New Entrants in Primary 1 (Above 11 Years),2024,School Test,XNgXSf2d7a8,HllvX50cXC0,0,EMIS_Test,2025-12-29T09:38:48.000+0000,,false,null
PRP_C.5 Primary Enrolment by age for the current school year (Below 6 Years),2024,School Test,s8zOlNm05Dq,HllvX50cXC0,0,EMIS_Test,2025-12-29T09:38:48.000+0000,,false,null
PRP_C.5 Primary Enrolment by age for the current school year (Below 6 Years),2024,School Test,FJY93b05T3d,HllvX50cXC0,0,EMIS_Test,2025-12-29T09:38:48.000+0000,,false,null
PRP_C.5 Primary Enrolment by age for the current school year (Below 6 Years),2024,School Test,gB7JZExaZSe,HllvX50cXC0,0,EMIS_Test,2025-12-29T09:38:48.000+0000,,false,null
PRP_C.5 Primary Enrolment by age for the current school year (Below 6 Years),2024,School Test,wpWPigQKzve,HllvX50cXC0,0,EMIS_Test,2025-12-29T09:38:48.000+0000,,false,null
PRP_C.5 Primary Enrolment by age for the current school year (Below 6 Years),2024,School Test,kVfmCFFGGJ4,HllvX50cXC0,0,EMIS_Test,2025-12-29T09:38:48.000+0000,,false,null
PRP_C.4 New Entrants in Primary 1 (9 Years),2024,School Test,BTz9V4LwBUG,HllvX50cXC0,0,EMIS_Test,2026-02-12T19:40:09.000+0000,,false,null
PRP_C.4 New Entrants in Primary 1 (9 Years),2024,School Test,XNgXSf2d7a8,HllvX50cXC0,0,EMIS_Test,2025-12-19T10:23:08.000+0000,,false,null
PRP_C.4 New Entrants in Primary 1 (8 Years),2024,School Test,IjcupXf3ff8,HllvX50cXC0,0,EMIS_Test,2026-02-12T19:41:00.000+0000,,false,null
C.4 a Number of Primary streams,2024,School Test,ijLEy6zsIYF,HllvX50cXC0,1,EMIS_Test,2026-02-14T10:58:21.000+0000,,false,null
C.4 a Number of Primary streams,2024,School Test,xzP38aW0wYl,HllvX50cXC0,1,EMIS_Test,2026-02-10T09:26:39.000+0000,,false,null
C.4 a Number of Primary streams,2024,School Test,vA1DAmC8pYe,HllvX50cXC0,1,EMIS_Test,2026-02-14T10:58:27.000+0000,,false,null
C.4 a Number of Primary streams,2024,School Test,EXaokF5Jn4v,HllvX50cXC0,1,EMIS_Test,2026-02-14T10:58:37.000+0000,,false,null
PRP_C.3 Pre-primary enrolment (4 Years),2024,School Test,RC2IhV7hbBo,HllvX50cXC0,4,EMIS_Test,2026-02-11T15:45:11.000+0000,,false,null
PRP_C.3 Pre-primary enrolment (4 Years),2024,School Test,aCftWxUH4xK,HllvX50cXC0,4,EMIS_Test,2026-02-11T15:45:09.000+0000,,false,null
PRP_C.3 Pre-primary enrolment (4 Years),2024,School Test,MYu4MgzJFDz,HllvX50cXC0,4,EMIS_Test,2026-02-11T15:45:15.000+0000,,false,null
PRP_C.3 Pre-primary enrolment (4 Years),2024,School Test,PhsfKKRh76e,HllvX50cXC0,5,EMIS_Test,2026-02-11T15:45:14.000+0000,,false,null
PRP_C.3 Pre-primary enrolment (4 Years),2024,School Test,N36C2yx2jKL,HllvX50cXC0,0,EMIS_Test,2026-02-12T19:35:05.000+0000,,false,null
PRP_C.3 Pre-primary enrolment (4 Years),2024,School Test,ND6R1ECWKes,HllvX50cXC0,0,EMIS_Test,2026-02-12T19:35:15.000+0000,,false,null
PRP_C.3 Pre-primary enrolment (4 Years),2024,School Test,FPfuzNpUspF,HllvX50cXC0,0,EMIS_Test,2026-02-12T19:35:38.000+0000,,false,null
PRP_C.3 Pre-primary enrolment (4 Years),2024,School Test,ouwhZRJlira,HllvX50cXC0,0,EMIS_Test,2026-02-12T19:35:54.000+0000,,false,null
PRP_C.3 Pre-primary enrolment (4 Years),2024,School Test,AiQfmu1GI61,HllvX50cXC0,3,EMIS_Test,2026-02-14T10:37:46.000+0000,,false,null
PRP_C.3 Pre-primary enrolment (4 Years),2024,School Test,yw9UyOdR2mS,HllvX50cXC0,2,EMIS_Test,2026-02-14T10:55:38.000+0000,,false,null
PRP_C.5 Primary Enrolment by age for the current school year (11 Years),2024,School Test,cn5mjpcjczz,HllvX50cXC0,0,EMIS_Test,2025-12-29T09:38:48.000+0000,,false,null
PRP_C.5 Primary Enrolment by age for the current school year (11 Years),2024,School Test,MzCuUq4r7RN,HllvX50cXC0,0,EMIS_Test,2025-12-29T09:38:48.000+0000,,false,null
PRP_C.5 Primary Enrolment by age for the current school year (11 Years),2024,School Test,FJY93b05T3d,HllvX50cXC0,0,EMIS_Test,2026-02-12T19:47:39.000+0000,,false,null
PRP_C.5 Primary Enrolment by age for the current school year (11 Years),2024,School Test,Ul3n6Rs3nmN,HllvX50cXC0,0,EMIS_Test,2026-02-12T19:49:11.000+0000,,false,null
E.3 How many play rooms are there in the school for ECCD?,2024,School Test,HllvX50cXC0,HllvX50cXC0,1,EMIS_Test,2026-02-11T12:01:28.000+0000,,false,null
Attestation by Head Teacher (Signature),2024,School Test,HllvX50cXC0,HllvX50cXC0,Merriment,EMIS_Test,2026-02-14T11:14:32.000+0000,,false,null
C.5 Pupil flow Promoted,2024,School Test,B8DodBiEd93,HllvX50cXC0,6,EMIS_Test,2026-02-11T16:03:53.000+0000,,false,null
C.5 Pupil flow Promoted,2024,School Test,dxNsUm9HFXV,HllvX50cXC0,9,EMIS_Test,2026-02-11T16:03:50.000+0000,,false,null
C.5 Pupil flow Promoted,2024,School Test,P4dM22Dr4W7,HllvX50cXC0,6,EMIS_Test,2026-02-11T16:04:05.000+0000,,false,null
C.5 Pupil flow Promoted,2024,School Test,AX6kA3VcQeS,HllvX50cXC0,9,EMIS_Test,2026-02-11T16:04:03.000+0000,,false,null
C.5 Pupil flow Promoted,2024,School Test,wt2OvDNo1Oi,HllvX50cXC0,10,EMIS_Test,2026-02-11T16:04:14.000+0000,,false,null
C.5 Pupil flow Promoted,2024,School Test,FKJZ5eXnwe7,HllvX50cXC0,9,EMIS_Test,2026-02-11T16:04:11.000+0000,,false,null
C.5 Pupil flow Promoted,2024,School Test,U9celgRTc7s,HllvX50cXC0,6,EMIS_Test,2026-02-11T16:04:24.000+0000,,false,null
C.5 Pupil flow Promoted,2024,School Test,L0faV2clWAd,HllvX50cXC0,8,EMIS_Test,2026-02-11T16:04:22.000+0000,,false,null
C.5 Pupil flow Promoted,2024,School Test,YRCNkaJZrP2,HllvX50cXC0,10,EMIS_Test,2026-02-10T12:40:37.000+0000,,false,null
C.5 Pupil flow Promoted,2024,School Test,k89SqpxgQlX,HllvX50cXC0,6,EMIS_Test,2026-02-11T16:04:28.000+0000,,false,null
C.5 Pupil flow Promoted,2024,School Test,L6gV7DbQ26I,HllvX50cXC0,10,EMIS_Test,2026-02-11T16:04:40.000+0000,,false,null
C.5 Pupil flow Promoted,2024,School Test,HZ5hjMdvGQA,HllvX50cXC0,6,EMIS_Test,2026-02-11T16:04:38.000+0000,,false,null
C.5 Pupil flow Promoted,2024,School Test,onG3tiwhi6x,HllvX50cXC0,9,EMIS_Test,2026-02-11T11:55:43.000+0000,,false,null
C.5 Pupil flow Promoted,2024,School Test,R0mFlxnjDP4,HllvX50cXC0,9,EMIS_Test,2026-02-11T11:58:28.000+0000,,false,null
C.5 Pupil flow Promoted,2024,School Test,fcmiCRwDVm4,HllvX50cXC0,9,EMIS_Test,2026-02-11T11:57:20.000+0000,,false,null
C.5 Pupil flow Promoted,2024,School Test,wqCPraQ0q7j,HllvX50cXC0,9,EMIS_Test,2026-02-11T11:57:09.000+0000,,false,null
C.5 Pupil flow Promoted,2024,School Test,nj369VyjYG0,HllvX50cXC0,4,EMIS_Test,2026-02-11T11:57:02.000+0000,,false,null
C.5 Pupil flow Promoted,2024,School Test,Vqm0n6Y6G2Z,HllvX50cXC0,10,EMIS_Test,2026-02-11T11:56:56.000+0000,,false,null
C.5 Pupil flow Promoted,2024,School Test,dkXPIu2cgM6,HllvX50cXC0,3,EMIS_Test,2026-02-11T11:56:43.000+0000,,false,null
C.5 Pupil flow Promoted,2024,School Test,NPLFfFDCWHB,HllvX50cXC0,9,EMIS_Test,2026-02-11T11:56:38.000+0000,,false,null
C.5 Pupil flow Promoted,2024,School Test,F9TFoBL5g23,HllvX50cXC0,11,EMIS_Test,2026-02-12T19:50:45.000+0000,,false,null
C.5 Pupil flow Promoted,2024,School Test,Knxt5TPPzi3,HllvX50cXC0,4,EMIS_Test,2026-02-11T09:57:29.000+0000,,false,null
C.5 Pupil flow Promoted,2024,School Test,QYtyLwZfXOe,HllvX50cXC0,7,EMIS_Test,2026-02-11T09:57:35.000+0000,,false,null
B.8 Pvt_Levels of education offered,2024,School Test,HllvX50cXC0,HllvX50cXC0,All of the Above,EMIS_Test,2026-02-10T12:40:37.000+0000,,false,null
PRP_C.3 Pre-primary enrolment (3 Years),2024,School Test,uzx0YvwDHdV,HllvX50cXC0,7,EMIS_Test,2026-02-11T15:44:23.000+0000,,false,null
PRP_C.3 Pre-primary enrolment (3 Years),2024,School Test,RxGSWrtF9Bi,HllvX50cXC0,12,EMIS_Test,2026-02-11T15:44:11.000+0000,,false,null
PRP_C.3 Pre-primary enrolment (3 Years),2024,School Test,RC2IhV7hbBo,HllvX50cXC0,4,EMIS_Test,2026-02-11T15:44:36.000+0000,,false,null
PRP_C.3 Pre-primary enrolment (3 Years),2024,School Test,aCftWxUH4xK,HllvX50cXC0,3,EMIS_Test,2026-02-11T15:44:33.000+0000,,false,null
PRP_C.3 Pre-primary enrolment (3 Years),2024,School Test,N36C2yx2jKL,HllvX50cXC0,3,EMIS_Test,2026-02-14T10:36:08.000+0000,,false,null
PRP_C.3 Pre-primary enrolment (3 Years),2024,School Test,ND6R1ECWKes,HllvX50cXC0,3,EMIS_Test,2026-02-14T10:36:34.000+0000,,false,null
PRP_C.3 Pre-primary enrolment (3 Years),2024,School Test,FPfuzNpUspF,HllvX50cXC0,2,EMIS_Test,2026-02-14T10:36:56.000+0000,,false,null
PRP_C.3 Pre-primary enrolment (3 Years),2024,School Test,ouwhZRJlira,HllvX50cXC0,3,EMIS_Test,2026-02-12T19:36:08.000+0000,,false,null
PRP_C.3 Pre-primary enrolment (3 Years),2024,School Test,SXMomFE6OI4,HllvX50cXC0,2,EMIS_Test,2026-02-14T10:37:11.000+0000,,false,null
PRP_C.3 Pre-primary enrolment (3 Years),2024,School Test,eNoCIgIkRkU,HllvX50cXC0,3,EMIS_Test,2026-02-14T10:37:20.000+0000,,false,null
PRP_C.3 Pre-primary enrolment (3 Years),2024,School Test,AiQfmu1GI61,HllvX50cXC0,5,EMIS_Test,2026-02-14T10:37:42.000+0000,,false,null
PRP_C.3 Pre-primary enrolment (3 Years),2024,School Test,yw9UyOdR2mS,HllvX50cXC0,6,EMIS_Test,2026-02-14T10:55:35.000+0000,,false,null
PRP_C.5 Primary Enrolment by age for the current school year (Above 11 Years),2024,School Test,cn5mjpcjczz,HllvX50cXC0,1,EMIS_Test,2026-02-12T19:43:09.000+0000,,false,null
PRP_C.5 Primary Enrolment by age for the current school year (Above 11 Years),2024,School Test,MzCuUq4r7RN,HllvX50cXC0,0,EMIS_Test,2025-12-29T09:38:48.000+0000,,false,null
PRP_C.5 Primary Enrolment by age for the current school year (Above 11 Years),2024,School Test,eVEbydcf5qX,HllvX50cXC0,0,EMIS_Test,2025-12-29T09:38:48.000+0000,,false,null
PRP_C.5 Primary Enrolment by age for the current school year (Above 11 Years),2024,School Test,tdigCHbLsX9,HllvX50cXC0,0,EMIS_Test,2025-12-29T09:38:48.000+0000,,false,null
PRP_C.5 Primary Enrolment by age for the current school year (Above 11 Years),2024,School Test,s8zOlNm05Dq,HllvX50cXC0,0,EMIS_Test,2026-02-12T19:46:53.000+0000,,false,null
PRP_C.5 Primary Enrolment by age for the current school year (Above 11 Years),2024,School Test,FJY93b05T3d,HllvX50cXC0,0,EMIS_Test,2025-12-29T09:38:48.000+0000,,false,null
Attestation by Head Teacher (Telephone),2024,School Test,HllvX50cXC0,HllvX50cXC0,08069592509,EMIS_Test,2026-02-14T11:14:15.000+0000,,false,null
C.4 b Number of primary streams with Multigrade teaching,2024,School Test,Q9nGSXTElxk,HllvX50cXC0,0,EMIS_Test,2026-02-09T14:35:36.000+0000,,false,null
C.4 b Number of primary streams with Multigrade teaching,2024,School Test,OBafxzX8AEU,HllvX50cXC0,0,EMIS_Test,2026-02-09T14:35:40.000+0000,,false,null
C.4 b Number of primary streams with Multigrade teaching,2024,School Test,ijLEy6zsIYF,HllvX50cXC0,0,EMIS_Test,2026-02-09T14:35:43.000+0000,,false,null
C.4 b Number of primary streams with Multigrade teaching,2024,School Test,xzP38aW0wYl,HllvX50cXC0,0,EMIS_Test,2026-02-09T14:36:00.000+0000,,false,null
C.4 b Number of primary streams with Multigrade teaching,2024,School Test,vA1DAmC8pYe,HllvX50cXC0,0,EMIS_Test,2026-02-09T14:35:46.000+0000,,false,null
C.4 b Number of primary streams with Multigrade teaching,2024,School Test,EXaokF5Jn4v,HllvX50cXC0,0,EMIS_Test,2026-02-09T14:35:53.000+0000,,false,null
C.2 Number of pre-primary streams,2024,School Test,daLlimODheo,HllvX50cXC0,1,EMIS_Test,2026-02-10T12:40:37.000+0000,,false,null
C.2 Number of pre-primary streams,2024,School Test,IrAFL87xvdJ,HllvX50cXC0,1,EMIS_Test,2026-02-09T21:11:18.000+0000,,false,null
C.2 Number of pre-primary streams,2024,School Test,IcQoC4xyWvx,HllvX50cXC0,1,EMIS_Test,2026-02-09T18:15:58.000+0000,,false,null
C.2 Number of pre-primary streams,2024,School Test,YqJwNzvCRLQ,HllvX50cXC0,1,EMIS_Test,2026-02-09T21:11:34.000+0000,,false,null
C.2 Number of pre-primary streams,2024,School Test,LbSiZHb3hQR,HllvX50cXC0,1,EMIS_Test,2026-02-09T18:16:06.000+0000,,false,null
C.2 Number of pre-primary streams,2024,School Test,uFdPFa4ONRs,HllvX50cXC0,1,EMIS_Test,2026-02-09T18:16:10.000+0000,,false,null
PRP_C.1 Number of Children with Birth Certificates in pre-primary & primary 1,2024,School Test,ORsCuogRNfJ,HllvX50cXC0,5,EMIS_Test,2026-02-12T19:34:18.000+0000,,false,null
PRP_C.1 Number of Children with Birth Certificates in pre-primary & primary 1,2024,School Test,az7uu6Q8Cie,HllvX50cXC0,12,EMIS_Test,2026-02-12T19:34:10.000+0000,,false,null
PRP_C.4 New Entrants in primary 1 (10 Years),2024,School Test,BTz9V4LwBUG,HllvX50cXC0,0,EMIS_Test,2026-02-14T10:57:20.000+0000,,false,null
PRP_C.4 New Entrants in primary 1 (10 Years),2024,School Test,IjcupXf3ff8,HllvX50cXC0,0,EMIS_Test,2025-12-19T10:23:08.000+0000,,false,null
PRP_C.4 New Entrants in primary 1 (10 Years),2024,School Test,RUfLxybudEz,HllvX50cXC0,0,EMIS_Test,2025-12-19T10:23:08.000+0000,,false,null
PRP_C.4 New Entrants in primary 1 (10 Years),2024,School Test,XNgXSf2d7a8,HllvX50cXC0,1,EMIS_Test,2026-02-12T19:42:32.000+0000,,false,null
C.4 Primary Repeaters,2024,School Test,MzCuUq4r7RN,HllvX50cXC0,0,EMIS_Test,2026-02-09T14:40:36.000+0000,,false,null
C.4 Primary Repeaters,2024,School Test,eVEbydcf5qX,HllvX50cXC0,0,EMIS_Test,2026-02-09T14:40:40.000+0000,,false,null
C.4 Primary Repeaters,2024,School Test,tdigCHbLsX9,HllvX50cXC0,0,EMIS_Test,2026-02-09T14:40:43.000+0000,,false,null
F.10 Learning Materials_Posters,2024,School Test,HllvX50cXC0,HllvX50cXC0,true,EMIS_Test,2026-02-10T13:13:50.000+0000,,false,null
PRP_C.5 Primary Enrolment by age for the current school year (8 Years),2024,School Test,ICs2Bc5FuOs,HllvX50cXC0,4,EMIS_Test,2026-02-11T15:51:46.000+0000,,false,null
PRP_C.5 Primary Enrolment by age for the current school year (8 Years),2024,School Test,sIRnse62gRp,HllvX50cXC0,4,EMIS_Test,2026-02-11T15:51:43.000+0000,,false,null
PRP_C.5 Primary Enrolment by age for the current school year (8 Years),2024,School Test,w87tdegTUrW,HllvX50cXC0,5,EMIS_Test,2026-02-11T15:51:54.000+0000,,false,null
PRP_C.5 Primary Enrolment by age for the current school year (8 Years),2024,School Test,B1FawPZBdCd,HllvX50cXC0,4,EMIS_Test,2026-02-11T15:51:51.000+0000,,false,null
PRP_C.5 Primary Enrolment by age for the current school year (8 Years),2024,School Test,cn5mjpcjczz,HllvX50cXC0,0,EMIS_Test,2026-02-09T14:36:19.000+0000,,false,null
PRP_C.5 Primary Enrolment by age for the current school year (8 Years),2024,School Test,FJY93b05T3d,HllvX50cXC0,0,EMIS_Test,2026-02-12T19:47:28.000+0000,,false,null
PRP_C.5 Primary Enrolment by age for the current school year (8 Years),2024,School Test,gB7JZExaZSe,HllvX50cXC0,0,EMIS_Test,2026-02-12T19:49:26.000+0000,,false,null
PRP_C.5 Primary Enrolment by age for the current school year (8 Years),2024,School Test,wpWPigQKzve,HllvX50cXC0,0,EMIS_Test,2026-02-12T19:49:57.000+0000,,false,null
F.8 Play room Does the school have a playroom for ECCD,2024,School Test,HllvX50cXC0,HllvX50cXC0,4,EMIS_Test,2026-02-14T11:07:13.000+0000,,false,null
F.10 Learning Materials_Charts,2024,School Test,HllvX50cXC0,HllvX50cXC0,true,EMIS_Test,2026-02-10T11:33:32.000+0000,,false,null
PRP_C.3 Pre-primary enrolment (Below 3 Years),2024,School Test,GwvoYZx4IjG,HllvX50cXC0,4,EMIS_Test,2026-02-11T15:42:53.000+0000,,false,null
PRP_C.3 Pre-primary enrolment (Below 3 Years),2024,School Test,ygatak2nPse,HllvX50cXC0,6,EMIS_Test,2026-02-11T15:42:48.000+0000,,false,null
PRP_C.3 Pre-primary enrolment (Below 3 Years),2024,School Test,DxPA1wlJuQc,HllvX50cXC0,4,EMIS_Test,2026-02-11T15:43:03.000+0000,,false,null
PRP_C.3 Pre-primary enrolment (Below 3 Years),2024,School Test,h72uqXbdIc2,HllvX50cXC0,6,EMIS_Test,2026-02-11T15:43:01.000+0000,,false,null
PRP_C.3 Pre-primary enrolment (Below 3 Years),2024,School Test,N36C2yx2jKL,HllvX50cXC0,3,EMIS_Test,2026-02-14T10:36:01.000+0000,,false,null
PRP_C.3 Pre-primary enrolment (Below 3 Years),2024,School Test,ND6R1ECWKes,HllvX50cXC0,4,EMIS_Test,2026-02-14T10:36:30.000+0000,,false,null
PRP_C.3 Pre-primary enrolment (Below 3 Years),2024,School Test,FPfuzNpUspF,HllvX50cXC0,4,EMIS_Test,2026-02-14T10:36:43.000+0000,,false,null
PRP_C.3 Pre-primary enrolment (Below 3 Years),2024,School Test,ouwhZRJlira,HllvX50cXC0,1,EMIS_Test,2026-02-14T10:37:01.000+0000,,false,null
PRP_C.3 Pre-primary enrolment (Below 3 Years),2024,School Test,SXMomFE6OI4,HllvX50cXC0,0,EMIS_Test,2026-02-12T19:36:17.000+0000,,false,null
PRP_C.3 Pre-primary enrolment (Below 3 Years),2024,School Test,yw9UyOdR2mS,HllvX50cXC0,0,EMIS_Test,2026-02-12T19:37:45.000+0000,,false,null
PRP_C.3 Pre-primary enrolment (Below 3 Years),2024,School Test,K3y4YS6MQJr,HllvX50cXC0,0,EMIS_Test,2026-02-12T19:38:18.000+0000,,false,null
PRP_C.3 Pre-primary enrolment (Below 3 Years),2024,School Test,fDHsrZJRNVc,HllvX50cXC0,0,EMIS_Test,2026-02-12T19:38:59.000+0000,,false,null
G.3c Care Giver Manuals_National Curriculum,2024,School Test,HllvX50cXC0,HllvX50cXC0,true,EMIS_Test,2026-02-09T13:44:53.181+0000,,false,null
PRP_C.5 Primary Enrolment by age for the current school year (7 Years),2024,School Test,ICs2Bc5FuOs,HllvX50cXC0,5,EMIS_Test,2026-02-11T15:51:12.000+0000,,false,null
PRP_C.5 Primary Enrolment by age for the current school year (7 Years),2024,School Test,sIRnse62gRp,HllvX50cXC0,4,EMIS_Test,2026-02-11T15:51:09.000+0000,,false,null
PRP_C.5 Primary Enrolment by age for the current school year (7 Years),2024,School Test,E4a2NBmGsGT,HllvX50cXC0,0,EMIS_Test,2026-02-12T19:48:17.000+0000,,false,null
PRP_C.5 Primary Enrolment by age for the current school year (7 Years),2024,School Test,gB7JZExaZSe,HllvX50cXC0,0,EMIS_Test,2025-12-29T09:38:48.000+0000,,false,null
PRP_C.5 Primary Enrolment by age for the current school year (7 Years),2024,School Test,wpWPigQKzve,HllvX50cXC0,0,EMIS_Test,2025-12-29T09:38:48.000+0000,,false,null
PRP_C.5 Primary Enrolment by age for the current school year (7 Years),2024,School Test,kVfmCFFGGJ4,HllvX50cXC0,0,EMIS_Test,2025-12-29T09:38:48.000+0000,,false,null
PRP_C.1 Number of Children with Birth Certificates in pre-primary & primary 1 Others,2024,School Test,K00aLDaKAOV,HllvX50cXC0,0,EMIS_Test,2026-02-11T15:38:25.000+0000,,false,null
G.3a Care Giver Manuals_Care Giver Guide/Hand Book,2024,School Test,HllvX50cXC0,HllvX50cXC0,true,EMIS_Test,2026-02-12T19:58:45.000+0000,,false,null
G.3a Care Giver Manuals_Care Giver Guide/Hand Book,2024,School Test,CvgDKp5LWRn,HllvX50cXC0,false,hisp.mroland,2024-12-09T10:04:42.638+0000,,false,null
PRP_C.5 Primary Enrolment by age for the current school year (6 Years),2024,School Test,mJ0bMVCQB3V,HllvX50cXC0,6,EMIS_Test,2026-02-11T15:49:46.000+0000,,false,null
PRP_C.5 Primary Enrolment by age for the current school year (6 Years),2024,School Test,yl9sU3evA5p,HllvX50cXC0,9,EMIS_Test,2026-02-11T15:49:41.000+0000,,false,null
PRP_C.5 Primary Enrolment by age for the current school year (6 Years),2024,School Test,y3NHP2dQheZ,HllvX50cXC0,6,EMIS_Test,2026-02-11T15:49:55.000+0000,,false,null
PRP_C.5 Primary Enrolment by age for the current school year (6 Years),2024,School Test,WNzLOKpVBlp,HllvX50cXC0,9,EMIS_Test,2026-02-11T15:49:52.000+0000,,false,null
PRP_C.5 Primary Enrolment by age for the current school year (6 Years),2024,School Test,aZ6Zgd8lAo4,HllvX50cXC0,18,EMIS_Test,2026-02-11T15:50:08.000+0000,,false,null
PRP_C.5 Primary Enrolment by age for the current school year (6 Years),2024,School Test,MMCgkH4y1ZB,HllvX50cXC0,9,EMIS_Test,2026-02-11T15:50:06.000+0000,,false,null
PRP_C.5 Primary Enrolment by age for the current school year (6 Years),2024,School Test,z6Xu3zA2prE,HllvX50cXC0,6,EMIS_Test,2026-02-11T15:50:25.000+0000,,false,null
PRP_C.5 Primary Enrolment by age for the current school year (6 Years),2024,School Test,Fs6kRoyMpse,HllvX50cXC0,8,EMIS_Test,2026-02-11T15:50:20.000+0000,,false,null
PRP_C.5 Primary Enrolment by age for the current school year (6 Years),2024,School Test,ICs2Bc5FuOs,HllvX50cXC0,5,EMIS_Test,2026-02-11T15:50:32.000+0000,,false,null
PRP_C.5 Primary Enrolment by age for the current school year (6 Years),2024,School Test,sIRnse62gRp,HllvX50cXC0,3,EMIS_Test,2026-02-11T15:50:30.000+0000,,false,null
PRP_C.5 Primary Enrolment by age for the current school year (6 Years),2024,School Test,tdigCHbLsX9,HllvX50cXC0,2,EMIS_Test,2026-02-11T11:50:59.000+0000,,false,null
PRP_C.5 Primary Enrolment by age for the current school year (6 Years),2024,School Test,s8zOlNm05Dq,HllvX50cXC0,2,EMIS_Test,2026-02-14T11:00:05.000+0000,,false,null
PRP_C.5 Primary Enrolment by age for the current school year (6 Years),2024,School Test,FJY93b05T3d,HllvX50cXC0,3,EMIS_Test,2026-02-14T11:00:10.000+0000,,false,null
PRP_C.5 Primary Enrolment by age for the current school year (6 Years),2024,School Test,gB7JZExaZSe,HllvX50cXC0,0,EMIS_Test,2025-12-29T09:38:48.000+0000,,false,null
PRP_C.5 Primary Enrolment by age for the current school year (6 Years),2024,School Test,wpWPigQKzve,HllvX50cXC0,0,EMIS_Test,2025-12-29T09:38:48.000+0000,,false,null
PRP_C.5 Primary Enrolment by age for the current school year (6 Years),2024,School Test,kVfmCFFGGJ4,HllvX50cXC0,0,EMIS_Test,2025-12-29T09:38:48.000+0000,,false,null
B.3c PRP Levels of education offered,2024,School Test,HllvX50cXC0,HllvX50cXC0,Pre-primary and primary,EMIS_Test,2026-02-08T17:06:53.330+0000,,false,null
D.3 How many Care Givers are in the school for ECCD,2024,School Test,GF8jMjRjocB,HllvX50cXC0,0,EMIS_Test,2026-02-09T17:10:21.000+0000,,false,null
D.3 How many Care Givers are in the school for ECCD,2024,School Test,uk8iRRfqijQ,HllvX50cXC0,0,EMIS_Test,2026-02-25T12:10:40.000+0000,,false,null
PRP_C.4 New Entrants in Primary 1 (7 Years),2024,School Test,srikLSoC1My,HllvX50cXC0,1,EMIS_Test,2026-02-11T15:47:14.000+0000,,false,null
PRP_C.4 New Entrants in Primary 1 (7 Years),2024,School Test,sl0kcsExgVz,HllvX50cXC0,7,EMIS_Test,2026-02-11T15:47:10.000+0000,,false,null
PRP_C.4 New Entrants in Primary 1 (7 Years),2024,School Test,GnigcF1Aq0C,HllvX50cXC0,1,EMIS_Test,2026-02-10T12:40:37.000+0000,,false,null
G.3d Care Giver Manuals_Toy Making Manuals,2024,School Test,HllvX50cXC0,HllvX50cXC0,false,EMIS_Test,2025-09-06T10:36:55.000+0000,,false,null
PRP_C.5 Primary Enrolment by age for the current school year (10 Years),2024,School Test,ICs2Bc5FuOs,HllvX50cXC0,2,EMIS_Test,2026-02-11T15:52:32.000+0000,,false,null
PRP_C.5 Primary Enrolment by age for the current school year (10 Years),2024,School Test,w87tdegTUrW,HllvX50cXC0,4,EMIS_Test,2026-02-11T15:52:39.000+0000,,false,null
PRP_C.5 Primary Enrolment by age for the current school year (10 Years),2024,School Test,B1FawPZBdCd,HllvX50cXC0,5,EMIS_Test,2026-02-11T15:52:34.000+0000,,false,null
PRP_C.5 Primary Enrolment by age for the current school year (10 Years),2024,School Test,FJY93b05T3d,HllvX50cXC0,0,EMIS_Test,2026-02-12T19:47:36.000+0000,,false,null
PRP_C.5 Primary Enrolment by age for the current school year (10 Years),2024,School Test,E4a2NBmGsGT,HllvX50cXC0,4,EMIS_Test,2026-02-14T11:00:33.000+0000,,false,null
PRP_C.5 Primary Enrolment by age for the current school year (10 Years),2024,School Test,Ul3n6Rs3nmN,HllvX50cXC0,5,EMIS_Test,2026-02-14T11:00:52.000+0000,,false,null
PRP_C.5 Primary Enrolment by age for the current school year (10 Years),2024,School Test,gB7JZExaZSe,HllvX50cXC0,2,EMIS_Test,2026-02-12T19:49:41.000+0000,,false,null
PRP_C.5 Primary Enrolment by age for the current school year (10 Years),2024,School Test,wpWPigQKzve,HllvX50cXC0,4,EMIS_Test,2026-02-14T11:01:14.000+0000,,false,null
G.3b Care Giver Manuals_National Policy on ECCDE/Pre-primary School,2024,School Test,HllvX50cXC0,HllvX50cXC0,false,EMIS_Test,2026-02-06T16:58:43.000+0000,,false,null
PRP_G.1. Number of students core subject textbooks (Basic Science/Technology),2024,School Test,kg0LdA6plWU,HllvX50cXC0,1,EMIS_Test,2026-02-10T13:43:42.000+0000,,false,null
PRP_G.1. Number of students core subject textbooks (Basic Science/Technology),2024,School Test,Q6sm8yv72cY,HllvX50cXC0,6,EMIS_Test,2026-02-10T09:36:28.000+0000,,false,null
PRP_G.1. Number of students core subject textbooks (Basic Science/Technology),2024,School Test,hHyuY77aBcn,HllvX50cXC0,1,EMIS_Test,2026-02-10T13:44:02.000+0000,,false,null
PRP_G.1. Number of students core subject textbooks (Basic Science/Technology),2024,School Test,HdycFVmcgcq,HllvX50cXC0,1,EMIS_Test,2026-02-10T13:44:21.000+0000,,false,null
PRP_G.2. Number of core subject Teachers’ Textbooks (Basic Science/Technology),2024,School Test,wyjCd5xo0sL,HllvX50cXC0,18,EMIS_Test,2026-02-10T13:44:53.000+0000,,false,null
PRP_G.2. Number of core subject Teachers’ Textbooks (Basic Science/Technology),2024,School Test,i9JFmbgwM6s,HllvX50cXC0,3,EMIS_Test,2026-02-10T15:13:10.000+0000,,false,null
PRP_G.2. Number of core subject Teachers’ Textbooks (Basic Science/Technology),2024,School Test,qzX9OyTO7ny,HllvX50cXC0,4,EMIS_Test,2026-02-12T19:58:04.000+0000,,false,null
PRP_G.2. Number of core subject Teachers’ Textbooks (Basic Science/Technology),2024,School Test,B0A5FXZvLJg,HllvX50cXC0,3,EMIS_Test,2026-02-12T19:58:18.000+0000,,false,null
PRP_F.11 Seating Available (PRY4),2024,School Test,gk8PhhGoaOC,HllvX50cXC0,5,EMIS_Test,2026-02-09T13:38:15.961+0000,,false,null
PRP_F.11 Seating Available (PRY1),2024,School Test,hzSDgth9u0R,HllvX50cXC0,4,EMIS_Test,2026-02-09T13:33:58.408+0000,,false,null
PRP_F.11 Seating Available (PRY2),2024,School Test,hzSDgth9u0R,HllvX50cXC0,6,EMIS_Test,2026-02-09T13:37:01.403+0000,,false,null
PRP_F.11 Seating Available (PRY6),2024,School Test,gk8PhhGoaOC,HllvX50cXC0,5,EMIS_Test,2026-02-09T13:42:26.634+0000,,false,null
PRP_F.11 Seating Available (PRY3),2024,School Test,gk8PhhGoaOC,HllvX50cXC0,6,EMIS_Test,2026-02-09T13:35:41.655+0000,,false,null
PRP_F.11 Seating Available (PRY5),2024,School Test,gk8PhhGoaOC,HllvX50cXC0,6,EMIS_Test,2026-02-09T13:39:11.500+0000,,false,null
F.11 PRP Seating Available (Pre-Primary),2024,School Test,rSSHGsjpceh,HllvX50cXC0,8,EMIS_Test,2026-02-09T13:32:42.301+0000,,false,null
F.11 PRP Seating Available (Pre-Primary),2024,School Test,gk8PhhGoaOC,HllvX50cXC0,4,EMIS_Test,2026-02-09T14:10:04.844+0000,,false,null
PRY_I.9 How many teachers in your school who received formal training in the previous year also taught related topics on FLHE?,2024,School Test,J4rmGvAZO06,HllvX50cXC0,0,EMIS_Test,2026-02-14T11:13:08.000+0000,,false,null
"PRY_I.4c If yes, indicate which of these topics were covered in the FLHE programme_Teaching on HIV transmission and prevention",2024,School Test,HllvX50cXC0,HllvX50cXC0,0,EMIS_Test,2026-02-09T13:54:39.473+0000,,false,null
PRY_I.8 How many teachers in your school received formal training on FLHE?,2024,School Test,J4rmGvAZO06,HllvX50cXC0,0,EMIS_Test,2026-02-14T11:13:05.000+0000,,false,null
New School Code,2024,School Test,HllvX50cXC0,HllvX50cXC0,0101021133,akumbabarns,2026-04-10T08:21:35.000+0000,,false,null
